point_id,latitude,longitude,orders_per_day,price_per_sqft,traffic_index
p001,12.838457,77.585393,144,8858,0.8994
p002,12.843866,77.574269,150,8914,0.6841
p003,12.843934,77.58242,168,8811,0.8776
p004,12.844312,77.525171,132,9206,0.1501
p005,12.844982,77.536947,132,9159,0.1517
p006,12.845021,77.589594,192,8769,0.8772
p007,12.846004,77.532007,132,9176,0.1504
p008,12.846049,77.56128,144,9040,0.3047
p009,12.847046,77.557977,150,9041,0.2465
p010,12.849729,77.537358,150,9104,0.1515
p011,12.850267,77.585038,222,8700,0.8918
p012,12.85098,77.555053,168,8980,0.2048
p013,12.851118,77.573334,204,8868,0.609
p014,12.851677,77.596333,270,8740,0.7632
p015,12.852429,77.580368,228,8720,0.8087
p016,12.852439,77.520834,162,9165,0.15
p017,12.854288,77.549111,180,8911,0.1668
p018,12.854392,77.533151,168,9089,0.1504
p019,12.85477,77.56456,216,8942,0.3376
p020,12.857865,77.54838,216,8804,0.1627
p021,12.85839,77.610632,432,9158,0.3731
p022,12.858692,77.601618,390,8853,0.6445
p023,12.858703,77.629219,546,9695,0.3315
p024,12.859406,77.654133,690,9760,0.9
p025,12.859544,77.659242,708,9676,0.8571
p026,12.859679,77.645785,654,9611,0.7943
p027,12.860541,77.589659,378,8653,0.8995
p028,12.860696,77.573115,318,8907,0.5418
p029,12.860908,77.553542,258,8644,0.1804
p030,12.861785,77.561826,294,8712,0.2606
p031,12.862248,77.621591,570,9839,0.2339
p032,12.862431,77.597935,444,8779,0.7767
p033,12.862805,77.580574,384,8741,0.7615
p034,12.863321,77.529636,234,9056,0.1514
p035,12.866496,77.53844,282,8799,0.1571
p036,12.866723,77.635544,726,9524,0.5891
p037,12.867414,77.564692,396,8568,0.2903
p038,12.867708,77.589976,540,8773,0.8991
p039,12.867802,77.594033,558,8779,0.8794
p040,12.868052,77.61046,648,9149,0.4365
p041,12.868797,77.65804,840,10676,0.8033
p042,12.869103,77.545312,336,8478,0.1686
p043,12.869146,77.570581,468,9002,0.417
p044,12.869454,77.641777,822,8993,0.7978
p045,12.869697,77.530117,306,9029,0.1557
p046,12.869927,77.628709,792,10194,0.4315
p047,12.870436,77.554156,396,8173,0.1792
p048,12.870735,77.651115,870,10619,0.8948
p049,12.8708,77.582409,582,9195,0.7638
p050,12.871141,77.606271,714,9081,0.5867
p051,12.871405,77.669618,876,10638,0.4425
p052,12.874125,77.573496,624,9568,0.4652
p053,12.874376,77.498666,342,8117,0.15
p054,12.874392,77.605686,822,9219,0.6306
p055,12.874404,77.564864,558,8267,0.2667
p056,12.874856,77.536489,396,8821,0.1785
p057,12.874902,77.611437,870,9093,0.4559
p058,12.875316,77.513276,360,8924,0.151
p059,12.875513,77.54891,474,8188,0.216
p060,12.875638,77.556653,522,8021,0.2213
p061,12.876052,77.630188,942,9763,0.5472
p062,12.876497,77.528731,396,9113,0.1655
p063,12.877391,77.597946,906,8338,0.856
p064,12.877626,77.577732,774,10545,0.5693
p065,12.877658,77.488511,354,7302,0.15
p066,12.877812,77.649998,1056,10570,0.8779
p067,12.877968,77.504439,390,8331,0.1503
p068,12.878383,77.642206,1062,8124,0.8752
p069,12.8784,77.637144,1050,8259,0.7777
p070,12.879007,77.484301,360,7041,0.15
p071,12.879321,77.618806,1050,8912,0.3105
p072,12.879471,77.521743,438,9177,0.1586
p073,12.88248,77.588291,1068,9474,0.8372
p074,12.882547,77.571003,882,10256,0.3468
p075,12.883228,77.523713,504,9269,0.1697
p076,12.884025,77.617573,1248,8023,0.3538
p077,12.884252,77.529497,528,9305,0.1986
p078,12.8845,77.553138,720,8110,0.389
p079,12.884506,77.549222,678,8218,0.3757
p080,12.884568,77.540808,594,8769,0.303
p081,12.884648,77.645291,1272,11137,0.8942
p082,12.884753,77.505231,468,8076,0.1511
p083,12.884785,77.56427,864,8435,0.3887
p084,12.885124,77.576766,1056,12170,0.483
p085,12.885141,77.636979,1302,10142,0.838
p086,12.885475,77.594692,1266,8801,0.8999
p087,12.885613,77.480455,402,6442,0.15
p088,12.885772,77.614554,1326,8290,0.4427
p089,12.88627,77.659022,1212,11007,0.5654
p090,12.886778,77.492495,468,6718,0.1501
p091,12.886895,77.496189,480,6993,0.1503
p092,12.887466,77.51225,540,8682,0.1563
p093,12.890719,77.627362,1566,5943,0.7071
p094,12.890793,77.489862,504,6268,0.1502
p095,12.891686,77.662569,1350,12356,0.4019
p096,12.892023,77.596777,1644,9263,0.9
p097,12.892405,77.548334,906,8508,0.5981
p098,12.892633,77.537021,768,9765,0.3862
p099,12.892789,77.636701,1620,9702,0.8966
p100,12.892803,77.466247,360,6350,0.15
p101,12.892923,77.506046,594,7790,0.1553
p102,12.893345,77.483707,480,5997,0.1501
p103,12.89347,77.50077,582,7019,0.1523
p104,12.893604,77.586513,1578,12011,0.7232
p105,12.893652,77.577904,1494,12193,0.6542
p106,12.893848,77.643932,1614,11757,0.8561
p107,12.894002,77.619093,1728,7159,0.5482
p108,12.894042,77.565445,1308,9242,0.6798
p109,12.894101,77.573969,1434,11752,0.673
p110,12.894305,77.654436,1494,11480,0.5995
p111,12.894309,77.55416,1074,8219,0.6997
p112,12.894388,77.521616,708,9406,0.2098
p113,12.894648,77.668829,1332,13262,0.2723
p114,12.895499,77.612022,1812,8217,0.6009
p115,12.895529,77.533668,816,10133,0.3747
p116,12.895619,77.517158,702,9043,0.1898
p117,12.895629,77.604751,1830,8521,0.8097
p118,12.898453,77.590152,1908,11255,0.7927
p119,12.898902,77.555776,1242,9330,0.8267
p120,12.899036,77.578594,1764,11817,0.8132
p121,12.899171,77.523936,828,9632,0.2767
p122,12.899208,77.625752,1980,7158,0.8444
p123,12.899225,77.52915,870,10121,0.3562
p124,12.899404,77.670133,1422,13314,0.3771
p125,12.899419,77.650875,1728,11548,0.6081
p126,12.89959,77.466884,408,6130,0.15
p127,12.899611,77.562439,1452,9599,0.8377
p128,12.899967,77.618512,2040,7126,0.6791
p129,12.900047,77.659811,1608,12902,0.3731
p130,12.900195,77.61361,2046,7620,0.6411
p131,12.900595,77.547521,1134,11044,0.7896
p132,12.900946,77.604312,2184,8754,0.8264
p133,12.901029,77.635823,2034,9958,0.9182
p134,12.901079,77.538404,1014,11171,0.5943
p135,12.901173,77.679616,1344,14745,0.5509
p136,12.90121,77.642086,1968,11314,0.8091
p137,12.901586,77.508266,768,7934,0.1758
p138,12.901656,77.596718,2154,9769,0.9005
p139,12.90216,77.491337,624,5877,0.1519
p140,12.902189,77.569543,1716,10395,0.8782
p141,12.902446,77.498864,690,6409,0.1571
p142,12.902593,77.476399,504,5842,0.1501
p143,12.902871,77.484733,582,5807,0.1506
p144,12.903633,77.513633,846,8579,0.2155
p145,12.906361,77.572483,1962,10617,0.8988
p146,12.906636,77.467166,438,6061,0.15
p147,12.906677,77.606327,2538,9579,0.8817
p148,12.906761,77.528473,1074,10056,0.487
p149,12.906867,77.613627,2418,8803,0.9125
p150,12.906964,77.706394,942,12203,0.8846
p151,12.907038,77.651882,1962,12343,0.5597
p152,12.907732,77.554665,1518,9959,0.889
p153,12.907974,77.617755,2502,8455,0.9768
p154,12.908381,77.695548,1194,12018,0.8945
p155,12.908505,77.637211,2388,12888,0.8675
p156,12.90867,77.480154,576,5807,0.1507
p157,12.908869,77.521946,1032,9049,0.3916
p158,12.908953,77.64459,2238,12783,0.6803
p159,12.909298,77.580402,2310,10534,0.8759
p160,12.909314,77.49165,702,5870,0.1564
p161,12.909525,77.545656,1374,12007,0.8828
p162,12.909585,77.596939,2622,10691,0.9049
p163,12.909648,77.717511,756,12546,0.6822
p164,12.909838,77.56302,1848,9960,0.8589
p165,12.909931,77.509193,906,8167,0.2279
p166,12.910105,77.679148,1560,16376,0.8045
p167,12.9105,77.512837,972,8422,0.2719
p168,12.910604,77.627847,2562,10548,0.98
p169,12.910651,77.476369,552,5843,0.1504
p170,12.910768,77.539429,1332,11607,0.8174
p171,12.910773,77.6862,1476,13664,0.8749
p172,12.910787,77.660859,1836,13530,0.6398
p173,12.911634,77.724293,660,13196,0.5019
p174,12.911709,77.666682,1806,14122,0.7134
p175,12.9118,77.50016,828,6865,0.1819
p176,12.914392,77.545761,1530,11379,0.8996
p177,12.914793,77.633571,2664,12721,0.98
p178,12.914922,77.475579,576,5921,0.1507
p179,12.915092,77.491382,768,6021,0.1643
p180,12.915127,77.572821,2310,10738,0.7359
p181,12.915305,77.74168,486,13942,0.2204
p182,12.915621,77.55666,1848,10947,0.7478
p183,12.915631,77.694543,1428,12242,0.8631
p184,12.916098,77.523377,1224,8601,0.5746
p185,12.916159,77.538694,1458,10624,0.8766
p186,12.916399,77.586597,2688,11614,0.7733
p187,12.916838,77.565328,2178,10679,0.6743
p188,12.91692,77.51546,1128,8381,0.4139
p189,12.917,77.709259,1026,12220,0.6376
p190,12.917127,77.481441,660,5920,0.1535
p191,12.917241,77.641742,2556,12882,0.9265
p192,12.917493,77.668946,1830,14670,0.9314
p193,12.917493,77.593962,2862,13811,0.9033
p194,12.917572,77.530232,1362,9349,0.7652
p195,12.917711,77.662904,1908,14609,0.8979
p196,12.918522,77.699915,1332,12254,0.7424
p197,12.918938,77.734147,612,13566,0.2361
p198,12.919234,77.609959,3090,10520,0.9708
p199,12.919343,77.579389,2634,11510,0.606
p200,12.919391,77.625799,2940,11792,0.98
p201,12.919469,77.505667,978,8149,0.2889
p202,12.920028,77.676642,1782,14591,0.9546
p203,12.922571,77.702345,1374,12174,0.5901
p204,12.922687,77.66911,1878,14910,0.98
p205,12.92271,77.652917,2310,13836,0.9624
p206,12.922728,77.485125,750,6338,0.1636
p207,12.922782,77.675429,1812,14465,0.965
p208,12.922902,77.588514,2946,14897,0.8478
p209,12.922951,77.717012,948,12152,0.3554
p210,12.923136,77.610471,3270,10764,0.8709
p211,12.923253,77.577704,2700,11806,0.5283
p212,12.923379,77.661334,2058,14938,0.98
p213,12.923432,77.735373,654,12832,0.1918
p214,12.923486,77.687498,1776,12904,0.783
p215,12.92366,77.634379,3000,13109,0.98
p216,12.923664,77.594025,3060,15357,0.9153
p217,12.924302,77.491655,828,6929,0.1953
p218,12.924466,77.557385,2100,10958,0.5347
p219,12.924519,77.605132,3222,11931,0.7546
p220,12.925128,77.474043,594,6549,0.1519
p221,12.925195,77.62808,3252,14055,0.98
p222,12.925226,77.563299,2346,10855,0.405
p223,12.925394,77.538399,1602,9608,0.8858
p224,12.925421,77.500469,972,7894,0.2948
p225,12.925551,77.512951,1176,8334,0.5392
p226,12.925863,77.693361,1722,12240,0.6284
p227,12.925872,77.74327,582,11894,0.1619
p228,12.925891,77.57151,2544,11207,0.394
p229,12.926169,77.532902,1530,9203,0.8988
p230,12.926171,77.522136,1350,8347,0.766
p231,12.926217,77.707972,1260,12000,0.4093
p232,12.927064,77.621349,3384,14106,0.9177
p233,12.927117,77.747896,540,11288,0.1554
p234,12.92719,77.641692,2808,13139,0.8445
p235,12.927199,77.505358,1074,8144,0.4063
p236,12.928094,77.727483,834,12172,0.1968
p237,12.930811,77.539269,1710,9529,0.8074
p238,12.931119,77.577524,2814,11962,0.491
p239,12.931231,77.498499,978,7869,0.3324
p240,12.931304,77.507287,1140,8017,0.5339
p241,12.931443,77.653359,2466,13881,0.8302
p242,12.931482,77.748081,582,10664,0.1641
p243,12.931637,77.613186,3510,13233,0.5993
p244,12.931866,77.548914,1974,9565,0.5697
p245,12.932003,77.662613,2196,14781,0.9448
p246,12.932004,77.708104,1500,11833,0.2888
p247,12.932127,77.677824,1818,13436,0.8996
p248,12.932356,77.643619,2946,13361,0.6929
p249,12.932518,77.718465,1110,11796,0.2103
p250,12.932664,77.701411,1710,11971,0.3766
p251,12.932836,77.756884,516,10644,0.1662
p252,12.933097,77.74273,666,11162,0.1701
p253,12.93327,77.586183,3018,13630,0.7068
p254,12.933525,77.530265,1578,8421,0.889
p255,12.933905,77.564769,2502,11003,0.2475
p256,12.934276,77.637365,3330,14439,0.5962
p257,12.934303,77.734905,774,12044,0.1764
p258,12.934737,77.727413,942,12010,0.1797
p259,12.934846,77.684408,1734,12249,0.8048
p260,12.934883,77.572615,2688,11697,0.3286
p261,12.934959,77.523746,1518,7520,0.8961
p262,12.935009,77.692901,1800,11999,0.6155
p263,12.935042,77.554627,2226,9670,0.3792
p264,12.935257,77.517051,1404,7357,0.8304
p265,12.935436,77.594571,3186,14365,0.7908
p266,12.93882,77.731324,912,12247,0.21
p267,12.938856,77.539664,1836,9446,0.6332
p268,12.939048,77.742358,738,12092,0.2099
p269,12.939269,77.658175,2370,13152,0.6229
p270,12.939558,77.574317,2760,11740,0.3082
p271,12.939626,77.552669,2232,9558,0.3373
p272,12.939809,77.52379,1578,7099,0.8923
p273,12.939969,77.756755,564,10457,0.21
p274,12.940022,77.560567,2424,10524,0.232
p275,12.940145,77.651973,2670,12810,0.5074
p276,12.940333,77.671235,1974,12927,0.871
p277,12.940844,77.485147,804,7897,0.2174
p278,12.941277,77.725892,1146,11981,0.2406
p279,12.94159,77.545679,2076,9515,0.434
p280,12.941601,77.597143,3300,14384,0.6254
p281,12.941925,77.694101,1734,11953,0.7705
p282,12.942103,77.634568,4152,14512,0.423
p283,12.942146,77.490619,912,7937,0.2981
p284,12.942295,77.514454,1404,7047,0.8714
p285,12.9427,77.499153,1080,7814,0.4983
p286,12.943031,77.71066,1740,10843,0.4149
p287,12.943086,77.578767,2880,11779,0.3287
p288,12.943218,77.67939,1746,12167,0.907
p289,12.943223,77.529787,1734,7718,0.7638
p290,12.943633,77.686676,1698,11966,0.9082
p291,12.943853,77.619239,4014,14900,0.3039
p292,12.943936,77.644825,3444,12861,0.4979
p293,12.944143,77.701458,1776,11281,0.6678
p294,12.946832,77.65896,2460,11888,0.6193
p295,12.947072,77.613697,3732,15034,0.2939
p296,12.94737,77.533382,1896,8450,0.5905
p297,12.947509,77.73393,1062,12500,0.3565
p298,12.947897,77.499935,1164,7818,0.6017
p299,12.947915,77.513381,1452,7240,0.8915
p300,12.948024,77.604335,3450,16267,0.3998
p301,12.948061,77.739331,906,12703,0.3707
p302,12.948296,77.748202,750,11521,0.3776
p303,12.94835,77.723585,1446,11912,0.3841
p304,12.94884,77.701093,1710,10152,0.8373
p305,12.948876,77.719309,1614,11531,0.4488
p306,12.949216,77.757125,648,11088,0.3699
p307,12.949374,77.653573,2898,11981,0.6899
p308,12.949438,77.693641,1674,11861,0.98
p309,12.9495,77.564084,2664,11427,0.1681
p310,12.949548,77.590447,3126,15480,0.3476
p311,12.949557,77.574252,2814,11870,0.213
p312,12.949614,77.627597,4428,14164,0.5324
p313,12.949835,77.552705,2322,9944,0.2198
p314,12.949875,77.68341,1680,11999,0.9165
p315,12.950059,77.66771,2052,11395,0.7311
p316,12.950239,77.675438,1842,11684,0.7484
p317,12.950245,77.548698,2220,9703,0.254
p318,12.950272,77.520949,1662,7330,0.8385
p319,12.950597,77.540027,2052,9216,0.3771
p320,12.950657,77.634456,4578,13518,0.6824
p321,12.951836,77.472991,552,8169,0.173
p322,12.951851,77.581691,2988,13232,0.2494
p323,12.951924,77.490494,948,7982,0.4058
p324,12.951959,77.594554,3276,17160,0.3211
p325,12.952135,77.483438,756,8081,0.2689
p326,12.954977,77.528852,1866,8439,0.568
p327,12.955014,77.732916,1344,12358,0.589
p328,12.955205,77.492279,978,7939,0.4967
p329,12.95527,77.626284,4176,14041,0.6086
p330,12.955319,77.707311,1698,8626,0.9022
p331,12.955449,77.714827,1770,11607,0.7303
p332,12.955815,77.605645,3582,17524,0.2348
p333,12.955908,77.682196,1644,12010,0.9272
p334,12.955993,77.54763,2250,9547,0.2139
p335,12.956159,77.635262,4656,13505,0.8306
p336,12.956353,77.747745,864,12036,0.6816
p337,12.956517,77.643082,4464,12850,0.8618
p338,12.956619,77.764468,624,11551,0.4428
p339,12.956778,77.612744,3678,16725,0.2927
p340,12.956912,77.515142,1548,7874,0.8719
p341,12.957026,77.58649,3204,17406,0.247
p342,12.957124,77.48348,732,8087,0.2959
p343,12.957388,77.662657,2496,11021,0.8861
p344,12.957416,77.505763,1320,7726,0.8664
p345,12.957567,77.499336,1164,7791,0.7343
p346,12.958052,77.474685,558,8199,0.1895
p347,12.958106,77.622078,3966,14656,0.5083
p348,12.958447,77.593786,3438,18506,0.2345
p349,12.95852,77.651203,3846,11946,0.8917
p350,12.958578,77.759986,702,11841,0.6171
p351,12.958682,77.571429,2844,13028,0.1949
p352,12.958991,77.693919,1536,13814,0.98
p353,12.959041,77.581809,3084,16379,0.2464
p354,12.959203,77.739237,1200,12396,0.7674
p355,12.959289,77.562578,2652,11582,0.1629
p356,12.959783,77.541726,2118,8899,0.2382
p357,12.959847,77.725675,1668,12810,0.7474
p358,12.960149,77.521526,1734,8419,0.6963
p359,12.960197,77.702238,1578,11270,0.98
p360,12.96034,77.676312,1794,11404,0.9151
p361,12.962966,77.557088,2520,10574,0.1596
p362,12.963246,77.725598,1704,12928,0.8383
p363,12.963819,77.757764,780,12222,0.8553
p364,12.963891,77.629544,4020,14206,0.7398
p365,12.963999,77.691807,1518,13019,0.98
p366,12.964019,77.731245,1614,12865,0.8675
p367,12.96403,77.714575,1668,13708,0.9156
p368,12.964276,77.601106,3846,18583,0.1896
p369,12.964323,77.654,3966,10625,0.87
p370,12.964438,77.546086,2250,8570,0.1823
p371,12.964456,77.643959,4542,13570,0.8743
p372,12.964491,77.74282,1212,12539,0.98
p373,12.964508,77.709896,1596,12666,0.9728
p374,12.964721,77.522033,1740,8626,0.6598
p375,12.964904,77.764832,672,11678,0.5974
p376,12.965084,77.6115,3834,17655,0.2579
p377,12.965175,77.63561,4320,14177,0.8492
p378,12.965306,77.686904,1560,12251,0.9229
p379,12.965406,77.594626,3636,24770,0.2143
p380,12.96547,77.538339,2082,8480,0.2593
p381,12.965487,77.485062,720,8041,0.3333
p382,12.96567,77.584917,3318,20806,0.2849
p383,12.965933,77.515591,1608,8334,0.8392
p384,12.966025,77.532728,1980,9337,0.3692
p385,12.966143,77.619503,3846,15313,0.4177
p386,12.966353,77.499343,1116,7825,0.7374
p387,12.96657,77.507063,1362,7772,0.8876
p388,12.966576,77.701768,1530,11819,0.98
p389,12.966847,77.667479,2670,11072,0.8098
p390,12.966921,77.488669,798,7983,0.4143
p391,12.967088,77.748185,1092,12488,0.98
p392,12.967773,77.562515,2694,11995,0.1679
p393,12.968124,77.662344,3384,10982,0.7804
p394,12.968193,77.582134,3258,19529,0.3005
p395,12.971303,77.629807,3792,15053,0.6096
p396,12.971404,77.67762,2016,11454,0.6764
p397,12.971705,77.596554,3816,26653,0.1983
p398,12.971778,77.691484,1518,11371,0.9121
p399,12.971829,77.73576,1644,13544,0.9536
p400,12.971959,77.650183,4452,12674,0.6794
p401,12.972141,77.756023,930,12292,0.98
p402,12.972192,77.581797,3372,19382,0.2969
p403,12.972501,77.572285,3024,15393,0.2337
p404,12.972626,77.775879,540,10430,0.2814
p405,12.97263,77.609843,3984,18216,0.2111
p406,12.972736,77.750817,1152,12462,0.98
p407,12.972835,77.546197,2316,7557,0.2076
p408,12.972905,77.602014,4086,19519,0.1791
p409,12.973036,77.767218,678,10922,0.5218
p410,12.973171,77.642072,4164,19297,0.6505
p411,12.973553,77.715559,1524,12920,0.857
p412,12.973678,77.524437,1794,9353,0.691
p413,12.97376,77.636846,3906,18535,0.6309
p414,12.973817,77.741246,1476,13257,0.98
p415,12.97402,77.533734,2004,8836,0.4204
p416,12.974573,77.663043,3786,10790,0.5827
p417,12.974632,77.552704,2478,9526,0.1815
p418,12.974973,77.724596,1602,13012,0.8392
p419,12.975042,77.686553,1662,11488,0.7467
p420,12.975247,77.512155,1452,8343,0.8985
p421,12.97542,77.497177,984,7830,0.5679
p422,12.975438,77.506377,1296,8094,0.8249
p423,12.975539,77.617316,3960,14890,0.2789
p424,12.975837,77.484199,624,7871,0.2576
p425,12.975962,77.5861,3576,20785,0.2599
p426,12.976631,77.702736,1476,11295,0.8614
p427,12.976718,77.66941,3294,10639,0.5165
p428,12.979564,77.675688,2742,11286,0.4359
p429,12.979567,77.614439,3978,15324,0.2139
p430,12.979763,77.734286,1590,13405,0.7386
p431,12.980217,77.479671,498,7823,0.193
p432,12.980349,77.620051,3996,14106,0.2604
p433,12.980519,77.499853,1026,7426,0.5898
p434,12.980672,77.666096,3948,10112,0.4292
p435,12.981195,77.741366,1500,11979,0.7343
p436,12.981242,77.604501,3972,18228,0.1652
p437,12.981442,77.764979,834,9899,0.4643
p438,12.981523,77.651758,4062,11992,0.388
p439,12.981917,77.569225,2910,14983,0.1814
p440,12.981986,77.523192,1758,7884,0.8093
p441,12.982132,77.544743,2316,9184,0.3175
p442,12.982149,77.707775,1458,12507,0.6941
p443,12.98218,77.699339,1506,11159,0.8983
p444,12.982329,77.646885,3654,14053,0.3663
p445,12.982711,77.715479,1452,14057,0.594
p446,12.982783,77.473614,384,7944,0.1623
p447,12.982799,77.536891,2112,9179,0.4827
p448,12.982895,77.587846,3480,20609,0.1952
p449,12.982898,77.506921,1236,7340,0.7701
p450,12.982937,77.751871,1308,9734,0.69
p451,12.983141,77.594416,3702,20948,0.1723
p452,12.983182,77.662435,4152,10015,0.3867
p453,12.983413,77.724919,1446,13413,0.5843
p454,12.983707,77.633809,3528,14023,0.3258
p455,12.983901,77.553201,2544,13020,0.233
p456,12.984023,77.492065,750,7136,0.3418
p457,12.984118,77.561711,2730,13563,0.1837
p458,12.98421,77.625818,3708,13992,0.2639
p459,12.984521,77.687512,1926,13509,0.789
p460,12.98733,77.718873,1422,15160,0.4523
p461,12.987499,77.733726,1392,11877,0.4648
p462,12.987582,77.678336,3168,13082,0.705
p463,12.988142,77.576979,3192,15473,0.1743
p464,12.988245,77.638147,3294,12817,0.2519
p465,12.988517,77.747151,1350,9511,0.4622
p466,12.988586,77.605664,3756,14855,0.1562
p467,12.988706,77.501218,960,6314,0.5354
p468,12.98883,77.563704,2712,14194,0.1957
p469,12.988968,77.537523,2052,12825,0.6023
p470,12.988968,77.661909,3978,10035,0.5866
p471,12.989238,77.686698,2322,14880,0.8276
p472,12.989282,77.58565,3384,20377,0.1691
p473,12.989346,77.596266,3600,21084,0.1573
p474,12.989434,77.724293,1344,14428,0.3961
p475,12.989627,77.695086,1734,13192,0.9452
p476,12.989792,77.766439,942,9491,0.2788
p477,12.990127,77.772424,732,9205,0.2164
p478,12.990419,77.573915,2994,15101,0.1746
p479,12.990533,77.66631,3984,10101,0.7365
p480,12.990966,77.70978,1446,14850,0.6188
p481,12.991175,77.644832,3072,11572,0.3597
p482,12.991368,77.629861,3468,11772,0.2155
p483,12.991381,77.474915,354,7725,0.1583
p484,12.991383,77.517538,1410,7588,0.8869
p485,12.991607,77.492916,678,6528,0.3008
p486,12.991925,77.556376,2478,13914,0.2834
p487,12.992117,77.544488,2148,12682,0.5039
p488,12.992197,77.69955,1644,11842,0.9253
p489,12.992411,77.65304,3276,10485,0.5157
p490,12.992898,77.529876,1764,9583,0.8438
p491,12.995443,77.637399,2964,11010,0.3547
p492,12.995469,77.693471,2142,13154,0.98
p493,12.995473,77.759883,1182,9550,0.2491
p494,12.995494,77.65085,2976,10266,0.568
p495,12.995619,77.589504,3378,19845,0.1676
p496,12.995666,77.726277,1248,13475,0.2623
p497,12.995996,77.644117,2712,10522,0.4749
p498,12.996002,77.609474,3480,10831,0.1568
p499,12.996104,77.48033,396,7353,0.1666
p500,12.996166,77.686027,2988,14611,0.98
p501,12.996331,77.707975,1434,13081,0.6838
p502,12.996497,77.595085,3360,17807,0.1649
p503,12.996761,77.512371,1128,6327,0.7239
p504,12.996903,77.743596,1158,8979,0.2516
p505,12.997093,77.566165,2664,15448,0.2566
p506,12.99734,77.546184,2112,11852,0.5816
p507,12.997872,77.577592,2838,15988,0.2053
p508,12.998104,77.678104,3648,11558,0.98
p509,12.998332,77.667332,3762,9742,0.98
p510,12.998415,77.658921,3216,9756,0.8459
p511,12.998536,77.490431,558,6599,0.226
p512,12.998732,77.552602,2214,12666,0.4708
p513,12.999063,77.496877,672,6238,0.3175
p514,12.999108,77.751765,1128,7977,0.2232
p515,12.999127,77.698512,1932,8804,0.9717
p516,12.999174,77.538666,1842,10227,0.7968
p517,12.999661,77.6059,3270,14636,0.1676
p518,12.999769,77.521899,1320,7870,0.8596
p519,12.99984,77.717969,1284,14017,0.3511
p520,13.000291,77.630015,3090,10934,0.2966
p521,13.000605,77.528673,1518,8864,0.9144
p522,13.000745,77.62252,3180,11003,0.2093
p523,13.00407,77.739813,990,8413,0.1796
p524,13.004136,77.683866,3474,8812,0.98
p525,13.004288,77.663055,2994,8829,0.98
p526,13.004325,77.557552,2160,12121,0.5286
p527,13.004331,77.598468,3018,14814,0.2042
p528,13.004755,77.586228,2820,22165,0.2446
p529,13.004978,77.75818,996,7612,0.1719
p530,13.005017,77.735083,1014,9123,0.1741
p531,13.005217,77.637463,2598,9143,0.5341
p532,13.005632,77.574112,2538,17935,0.363
p533,13.005813,77.708697,1494,8265,0.5361
p534,13.005977,77.719759,1134,9316,0.2747
p535,13.006435,77.642332,2346,8803,0.6923
p536,13.006467,77.481456,354,7451,0.185
p537,13.006539,77.610337,2826,11912,0.1983
p538,13.006612,77.545954,1800,9366,0.8208
p539,13.006625,77.679344,3540,7010,0.98
p540,13.006938,77.580312,2622,24012,0.3278
p541,13.00701,77.505204,732,6357,0.3523
p542,13.00719,77.561063,2124,13638,0.5619
p543,13.007362,77.773202,798,7323,0.154
p544,13.007788,77.750335,906,7526,0.1649
p545,13.007805,77.703255,1992,7757,0.6433
p546,13.008002,77.630256,2574,9788,0.3946
p547,13.008447,77.533214,1422,7851,0.9544
p548,13.008453,77.694288,3018,7753,0.8457
p549,13.008535,77.727857,1050,8894,0.1821
p550,13.008623,77.602932,2766,13500,0.2452
p551,13.008665,77.667665,2814,7652,0.98
p552,13.009012,77.514807,906,6123,0.5322
p553,13.01165,77.489195,426,7213,0.2713
p554,13.011748,77.4839,342,7568,0.2421
p555,13.011805,77.606711,2562,12031,0.2799
p556,13.011845,77.635116,2352,8443,0.5826
p557,13.011874,77.668796,2610,7208,0.8963
p558,13.01194,77.517222,900,5781,0.5602
p559,13.012207,77.69458,3138,7764,0.6829
p560,13.012332,77.70871,1746,6480,0.3875
p561,13.012371,77.67867,3132,6611,0.8233
p562,13.013339,77.564032,2040,13108,0.7169
p563,13.013822,77.643292,2112,8440,0.823
p564,13.013907,77.499974,552,6679,0.4099
p565,13.01396,77.661241,2112,8272,0.875
p566,13.014126,77.597654,2502,9706,0.3856
p567,13.014126,77.686162,3222,7050,0.7081
p568,13.014159,77.537664,1314,7898,0.98
p569,13.014343,77.530007,1128,7163,0.8875
p570,13.014506,77.611408,2376,11116,0.3028
p571,13.014543,77.581731,2370,18832,0.5082
p572,13.014912,77.726606,930,7294,0.1721
p573,13.015733,77.620427,2226,10031,0.3138
p574,13.015734,77.554622,1704,11035,0.98
p575,13.015775,77.572032,2154,14650,0.7008
p576,13.016027,77.587817,2316,10956,0.4984
p577,13.016883,77.702212,2658,7089,0.376
p578,13.017154,77.524982,942,5837,0.8167
p579,13.017168,77.508162,612,6082,0.6092
p580,13.020411,77.521215,786,5678,0.886
p581,13.020516,77.484491,324,8368,0.4182
p582,13.021325,77.715228,1578,6035,0.1944
p583,13.021362,77.692255,3060,7637,0.3659
p584,13.021991,77.569115,1884,11039,0.9306
p585,13.022029,77.642576,1836,8030,0.8858
p586,13.022044,77.49752,432,7243,0.6185
p587,13.022088,77.709486,2196,6084,0.2174
p588,13.022266,77.541115,1092,9496,0.98
p589,13.022747,77.544398,1182,10488,0.98
p590,13.022768,77.588379,2112,8860,0.7666
p591,13.022826,77.597644,2118,8470,0.7546
p592,13.023004,77.563262,1662,10874,0.98
p593,13.023068,77.578153,2046,11391,0.816
p594,13.023195,77.5296,864,6702,0.98
p595,13.023217,77.512632,606,6091,0.8442
p596,13.023369,77.609373,2040,10585,0.6081
p597,13.023476,77.65313,1782,7725,0.8096
p598,13.023586,77.661138,1692,7339,0.6033
p599,13.023603,77.724121,1026,6608,0.1603
p600,13.024023,77.506395,510,6376,0.7849
p601,13.024129,77.666871,1692,7487,0.5069
p602,13.024417,77.627057,1818,9230,0.6376
p603,13.024506,77.621047,1908,9255,0.5613
p604,13.02467,77.553814,1326,12030,0.98
p605,13.024884,77.633743,1764,8837,0.7698
p606,13.024946,77.682593,2274,7308,0.3417
p607,13.027901,77.507411,474,6449,0.8723
p608,13.02793,77.593961,1950,10505,0.98
p609,13.027942,77.711942,2214,6317,0.1707
p610,13.029362,77.556945,1272,9906,0.98
p611,13.02951,77.563438,1446,9331,0.98
p612,13.029602,77.5687,1608,10502,0.98
p613,13.029639,77.602981,1902,13172,0.98
p614,13.029665,77.64601,1554,9579,0.8665
p615,13.030112,77.653875,1554,7360,0.6908
p616,13.030113,77.530058,696,7009,0.98
p617,13.030495,77.628921,1626,9392,0.8521
p618,13.030943,77.53988,828,9038,0.98
p619,13.031002,77.724774,1278,7084,0.1525
p620,13.03122,77.491683,312,9862,0.8097
p621,13.031317,77.719241,1734,6728,0.1551
p622,13.031578,77.61436,1776,10140,0.8909
p623,13.031654,77.578701,1860,10709,0.9719
p624,13.031872,77.588358,1968,12650,0.98
p625,13.031876,77.667654,1398,7540,0.3187
p626,13.032285,77.620926,1740,9411,0.8663
p627,13.032299,77.525729,594,6523,0.9199
p628,13.0325,77.659462,1452,7281,0.4953
p629,13.032823,77.63651,1500,10149,0.9121
p630,13.033317,77.495774,336,9745,0.8768
p631,13.035888,77.541551,726,8611,0.8747
p632,13.036127,77.563517,1212,9139,0.98
p633,13.036532,77.610012,1728,11826,0.98
p634,13.036677,77.500708,348,9262,0.8953
p635,13.036957,77.594534,1836,15799,0.98
p636,13.037036,77.635451,1398,10049,0.9222
p637,13.037253,77.658169,1278,7662,0.4525
p638,13.037417,77.617352,1686,11109,0.98
p639,13.037671,77.642368,1266,9936,0.8418
p640,13.037675,77.603566,1758,14862,0.98
p641,13.03838,77.674703,1188,8159,0.1911
p642,13.03914,77.578535,1620,10679,0.8955
p643,13.039397,77.62828,1446,10691,0.98
p644,13.039601,77.570437,1326,10103,0.8923
p645,13.039702,77.512718,390,6898,0.7589
p646,13.039761,77.547735,726,8397,0.7931
p647,13.039859,77.651271,1134,8742,0.5957
p648,13.039912,77.531127,522,7956,0.6823
p649,13.039973,77.52267,450,6911,0.6696
p650,13.040527,77.509184,366,7491,0.7734
p651,13.040923,77.586684,1770,12289,0.9754
p652,13.041102,77.483718,222,10931,0.899
p653,13.044137,77.49846,288,10749,0.7909
p654,13.04436,77.658382,1008,8568,0.3478
p655,13.044407,77.622543,1440,11422,0.98
p656,13.044549,77.532801,474,8311,0.5186
p657,13.044933,77.516319,366,7399,0.5573
p658,13.044964,77.655085,978,8872,0.4085
p659,13.045304,77.612922,1542,11407,0.98
p660,13.045958,77.50648,312,9076,0.6476
p661,13.046113,77.676768,984,8667,0.1634
p662,13.046141,77.578697,1392,9919,0.6665
p663,13.046309,77.564085,912,9507,0.6764
p664,13.046986,77.554738,672,8708,0.5747
p665,13.047072,77.574187,1176,9849,0.6226
p666,13.047112,77.646226,942,9965,0.5329
p667,13.047221,77.628124,1296,11222,0.9025
p668,13.047323,77.63609,1128,10909,0.7097
p669,13.047392,77.520787,366,7689,0.4331
p670,13.047647,77.548858,564,8404,0.486
p671,13.047708,77.682578,942,8766,0.1537
p672,13.048412,77.595433,1644,11330,0.781
p673,13.048429,77.604152,1614,11866,0.8819
p674,13.048483,77.538113,444,8427,0.404
p675,13.04858,77.588216,1590,9677,0.6723
p676,13.048581,77.670239,900,8804,0.1808
p677,13.052154,77.564655,756,9405,0.4488
p678,13.052826,77.552872,528,8637,0.3549
p679,13.053084,77.612053,1422,11181,0.7687
p680,13.05408,77.626418,1140,11374,0.7013
p681,13.054235,77.506028,270,9580,0.4093
p682,13.054246,77.533407,360,8424,0.2691
p683,13.054301,77.497569,240,10653,0.5025
p684,13.054651,77.597438,1488,10869,0.5141
p685,13.054758,77.521132,306,8273,0.2711
p686,13.054825,77.571141,834,9454,0.3644
p687,13.055156,77.515721,288,8452,0.3018
p688,13.055162,77.659846,630,9586,0.2134
p689,13.055195,77.619817,1236,11263,0.7392
p690,13.055492,77.603479,1464,11224,0.5475
p691,13.055493,77.636742,918,11300,0.4486
p692,13.055707,77.587223,1242,9030,0.3884
p693,13.056828,77.53714,354,8399,0.2325
p694,13.056866,77.642907,774,10918,0.3335
p695,13.05768,77.577245,906,9382,0.3005
p696,13.057721,77.548164,408,8321,0.2354
p697,13.060644,77.593788,1212,11507,0.303
p698,13.060916,77.529758,288,8326,0.1905
p699,13.061115,77.660026,498,9912,0.1776
p700,13.061361,77.637629,774,11196,0.3026
p701,13.061646,77.572638,696,9392,0.2283
p702,13.062122,77.645207,636,10748,0.2323
p703,13.062661,77.62898,930,11335,0.3727
p704,13.062698,77.565145,564,8839,0.21
p705,13.062914,77.581297,828,9402,0.2241
p706,13.062977,77.614799,1230,10681,0.4049
p707,13.06352,77.553322,396,7302,0.1853
p708,13.063705,77.505491,216,9445,0.2348
p709,13.064449,77.650323,540,10429,0.1892
p710,13.064533,77.618614,1122,11076,0.3748
p711,13.064993,77.52164,234,8468,0.1742
p712,13.065029,77.536346,282,7851,0.169
p713,13.065053,77.586809,876,9976,0.2106
p714,13.06546,77.601939,1200,11616,0.2604
p715,13.068786,77.517286,210,8625,0.1666
p716,13.069183,77.617685,1104,9536,0.2682
p717,13.06936,77.503999,186,9364,0.1889
p718,13.069509,77.497371,174,9731,0.2084
p719,13.069701,77.579413,636,9484,0.1709
p720,13.070151,77.633806,732,10837,0.212
p721,13.070686,77.606187,1068,11496,0.211
p722,13.071475,77.566049,456,7696,0.1598
p723,13.071987,77.557567,360,6308,0.1564
p724,13.071988,77.524802,210,8198,0.1547
p725,13.07228,77.536945,240,7173,0.1539
p726,13.07263,77.610999,1044,10858,0.2067
p727,13.072671,77.627535,840,10483,0.2097
p728,13.073121,77.545102,270,6425,0.1533
p729,13.073345,77.572609,510,8956,0.1578
p730,13.073573,77.588487,696,10532,0.1633
p731,13.076608,77.626035,870,10239,0.1818
p732,13.076683,77.621732,960,9977,0.1843
p733,13.076821,77.506471,162,9040,0.1581
p734,13.076846,77.556053,324,6208,0.1518
p735,13.077366,77.520288,180,8366,0.1521
p736,13.07746,77.572746,462,8598,0.153
p737,13.07811,77.595992,708,11010,0.1585
p738,13.078964,77.64541,444,10101,0.1544
p739,13.079727,77.579539,498,9125,0.1522
p740,13.079941,77.546402,252,6308,0.1505
p741,13.080311,77.541348,228,6580,0.1505
p742,13.080941,77.637249,612,10164,0.1569
p743,13.081095,77.603613,726,10829,0.1575
p744,13.082011,77.609375,768,10618,0.1589
p745,13.084491,77.610501,714,10426,0.1555
p746,13.08497,77.53186,186,7473,0.1501
p747,13.085008,77.627417,804,10304,0.1554
p748,13.085131,77.620271,786,10418,0.156
p749,13.085486,77.587699,510,8955,0.1508
p750,13.085708,77.645933,426,10051,0.1509
p751,13.086801,77.573984,396,8010,0.1503
p752,13.087927,77.576978,414,7918,0.1502
p753,13.088093,77.563531,330,7121,0.1501
p754,13.088391,77.553634,264,6523,0.1501
p755,13.088781,77.636525,630,10079,0.1512
p756,13.088902,77.603037,558,10249,0.1512
p757,13.089043,77.548745,240,6599,0.15
p758,13.089494,77.538625,198,7103,0.15
p759,13.089853,77.596521,522,9472,0.1505
p760,13.093529,77.566066,330,7671,0.15
p761,13.093964,77.611021,516,10063,0.1505
p762,13.095818,77.633494,612,10093,0.1502
p763,13.095851,77.622322,546,10131,0.1504
p764,13.09592,77.62621,576,10136,0.1503
p765,13.097311,77.594548,456,8499,0.1501
p766,13.098123,77.641792,534,10055,0.1501
p767,13.09821,77.588219,432,7810,0.15
p768,13.101024,77.603022,438,8618,0.15
p769,13.101361,77.62129,444,9885,0.1501
p770,13.102665,77.586381,396,7719,0.15
p771,13.103422,77.612151,402,9292,0.15
p772,13.104511,77.628386,420,9920,0.15
p773,13.104522,77.594536,402,8492,0.15
p774,13.104889,77.578043,354,7582,0.15
p775,13.10599,77.563854,276,7924,0.15
p776,13.108962,77.570462,294,7863,0.15
p777,13.109811,77.563754,264,8013,0.15
p778,13.110475,77.598184,366,8532,0.15
p779,13.110643,77.637465,372,9837,0.15
p780,13.110715,77.578879,330,7847,0.15
p781,13.111059,77.603897,366,8675,0.15
p782,13.111826,77.585787,342,8113,0.15
p783,13.112952,77.630897,306,9669,0.15
p784,13.117017,77.633479,276,9541,0.15
p785,13.117104,77.61385,312,9018,0.15
p786,13.117641,77.59402,336,8484,0.15
p787,13.11903,77.604205,318,8705,0.15
p788,13.119187,77.57385,276,8123,0.15
p789,13.119215,77.579916,294,8174,0.15
p790,13.120036,77.627993,264,9242,0.15
p791,13.120892,77.589147,312,8378,0.15
p792,13.121597,77.618988,276,8918,0.15
p793,13.125398,77.597608,294,8463,0.15
p794,13.125611,77.587476,288,8293,0.15
p795,13.126732,77.611221,270,8425,0.15
p796,13.127945,77.571682,246,7942,0.15
p797,13.12809,77.581053,270,8083,0.15
p798,13.130201,77.603784,270,8188,0.15
p799,13.133836,77.572987,228,7687,0.15
p800,13.137061,77.579924,228,7667,0.15
