point_id,latitude,longitude,orders_per_day,price_per_sqft,traffic_index,norm_demand,norm_price,norm_traffic,suitability_score
p001,12.838457,77.585393,144,8858,0.8994,0.0027,0.8484,0.0971,0.3176
p002,12.843866,77.574269,150,8914,0.6841,0.0040,0.8457,0.3565,0.3691
p003,12.843934,77.58242,168,8811,0.8776,0.0080,0.8506,0.1234,0.3260
p004,12.844312,77.525171,132,9206,0.1501,0.0000,0.8318,0.9999,0.4911
p005,12.844982,77.536947,132,9159,0.1517,0.0000,0.8340,0.9980,0.4915
p006,12.845021,77.589594,192,8769,0.8772,0.0133,0.8526,0.1239,0.3292
p007,12.846004,77.532007,132,9176,0.1504,0.0000,0.8332,0.9995,0.4915
p008,12.846049,77.56128,144,9040,0.3047,0.0027,0.8397,0.8136,0.4578
p009,12.847046,77.557977,150,9041,0.2465,0.0040,0.8397,0.8837,0.4724
p010,12.849729,77.537358,150,9104,0.1515,0.0040,0.8367,0.9982,0.4943
p011,12.850267,77.585038,222,8700,0.8918,0.0199,0.8559,0.1063,0.3298
p012,12.85098,77.555053,168,8980,0.2048,0.0080,0.8426,0.9340,0.4853
p013,12.851118,77.573334,204,8868,0.609,0.0159,0.8479,0.4470,0.3933
p014,12.851677,77.596333,270,8740,0.7632,0.0305,0.8540,0.2612,0.3649
p015,12.852429,77.580368,228,8720,0.8087,0.0212,0.8550,0.2064,0.3501
p016,12.852439,77.520834,162,9165,0.15,0.0066,0.8338,1.0000,0.4948
p017,12.854288,77.549111,180,8911,0.1668,0.0106,0.8459,0.9798,0.4968
p018,12.854392,77.533151,168,9089,0.1504,0.0080,0.8374,0.9995,0.4966
p019,12.85477,77.56456,216,8942,0.3376,0.0186,0.8444,0.7740,0.4587
p020,12.857865,77.54838,216,8804,0.1627,0.0186,0.8510,0.9847,0.5031
p021,12.85839,77.610632,432,9158,0.3731,0.0663,0.8341,0.7312,0.4680
p022,12.858692,77.601618,390,8853,0.6445,0.0570,0.8486,0.4042,0.4035
p023,12.858703,77.629219,546,9695,0.3315,0.0915,0.8085,0.7813,0.4804
p024,12.859406,77.654133,690,9760,0.9,0.1233,0.8054,0.0964,0.3567
p025,12.859544,77.659242,708,9676,0.8571,0.1273,0.8094,0.1481,0.3702
p026,12.859679,77.645785,654,9611,0.7943,0.1154,0.8125,0.2237,0.3810
p027,12.860541,77.589659,378,8653,0.8995,0.0544,0.8582,0.0970,0.3442
p028,12.860696,77.573115,318,8907,0.5418,0.0411,0.8461,0.5280,0.4202
p029,12.860908,77.553542,258,8644,0.1804,0.0279,0.8586,0.9634,0.5057
p030,12.861785,77.561826,294,8712,0.2606,0.0358,0.8554,0.8667,0.4888
p031,12.862248,77.621591,570,9839,0.2339,0.0968,0.8016,0.8989,0.5039
p032,12.862431,77.597935,444,8779,0.7767,0.0690,0.8522,0.2449,0.3783
p033,12.862805,77.580574,384,8741,0.7615,0.0557,0.8540,0.2633,0.3766
p034,12.863321,77.529636,234,9056,0.1514,0.0225,0.8390,0.9983,0.5034
p035,12.866496,77.53844,282,8799,0.1571,0.0332,0.8512,0.9914,0.5111
p036,12.866723,77.635544,726,9524,0.5891,0.1313,0.8166,0.4710,0.4391
p037,12.867414,77.564692,396,8568,0.2903,0.0584,0.8622,0.8310,0.4942
p038,12.867708,77.589976,540,8773,0.8991,0.0902,0.8524,0.0975,0.3584
p039,12.867802,77.594033,558,8779,0.8794,0.0942,0.8522,0.1212,0.3649
p040,12.868052,77.61046,648,9149,0.4365,0.1141,0.8345,0.6548,0.4744
p041,12.868797,77.65804,840,10676,0.8033,0.1565,0.7617,0.2129,0.3796
p042,12.869103,77.545312,336,8478,0.1686,0.0451,0.8665,0.9776,0.5191
p043,12.869146,77.570581,468,9002,0.417,0.0743,0.8415,0.6783,0.4636
p044,12.869454,77.641777,822,8993,0.7978,0.1525,0.8420,0.2195,0.4072
p045,12.869697,77.530117,306,9029,0.1557,0.0385,0.8402,0.9931,0.5100
p046,12.869927,77.628709,792,10194,0.4315,0.1459,0.7847,0.6608,0.4725
p047,12.870436,77.554156,396,8173,0.1792,0.0584,0.8810,0.9648,0.5276
p048,12.870735,77.651115,870,10619,0.8948,0.1631,0.7644,0.1027,0.3615
p049,12.8708,77.582409,582,9195,0.7638,0.0995,0.8323,0.2605,0.3882
p050,12.871141,77.606271,714,9081,0.5867,0.1286,0.8378,0.4739,0.4459
p051,12.871405,77.669618,876,10638,0.4425,0.1645,0.7635,0.6476,0.4708
p052,12.874125,77.573496,624,9568,0.4652,0.1088,0.8145,0.6202,0.4581
p053,12.874376,77.498666,342,8117,0.15,0.0464,0.8837,1.0000,0.5302
p054,12.874392,77.605686,822,9219,0.6306,0.1525,0.8312,0.4210,0.4437
p055,12.874404,77.564864,558,8267,0.2667,0.0942,0.8766,0.8594,0.5211
p056,12.874856,77.536489,396,8821,0.1785,0.0584,0.8502,0.9657,0.5169
p057,12.874902,77.611437,870,9093,0.4559,0.1631,0.8372,0.6314,0.4927
p058,12.875316,77.513276,360,8924,0.151,0.0504,0.8452,0.9988,0.5183
p059,12.875513,77.54891,474,8188,0.216,0.0756,0.8803,0.9205,0.5262
p060,12.875638,77.556653,522,8021,0.2213,0.0862,0.8883,0.9141,0.5325
p061,12.876052,77.630188,942,9763,0.5472,0.1790,0.8052,0.5214,0.4667
p062,12.876497,77.528731,396,9113,0.1655,0.0584,0.8362,0.9813,0.5152
p063,12.877391,77.597946,906,8338,0.856,0.1711,0.8732,0.1494,0.4125
p064,12.877626,77.577732,774,10545,0.5693,0.1419,0.7680,0.4948,0.4316
p065,12.877658,77.488511,354,7302,0.15,0.0491,0.9226,1.0000,0.5450
p066,12.877812,77.649998,1056,10570,0.8779,0.2042,0.7668,0.1230,0.3849
p067,12.877968,77.504439,390,8331,0.1503,0.0570,0.8735,0.9996,0.5313
p068,12.878383,77.642206,1062,8124,0.8752,0.2056,0.8834,0.1263,0.4269
p069,12.8784,77.637144,1050,8259,0.7777,0.2029,0.8769,0.2437,0.4470
p070,12.879007,77.484301,360,7041,0.15,0.0504,0.9350,1.0000,0.5499
p071,12.879321,77.618806,1050,8912,0.3105,0.2029,0.8458,0.8066,0.5487
p072,12.879471,77.521743,438,9177,0.1586,0.0676,0.8332,0.9896,0.5200
p073,12.88248,77.588291,1068,9474,0.8372,0.2069,0.8190,0.1720,0.4142
p074,12.882547,77.571003,882,10256,0.3468,0.1658,0.7817,0.7629,0.5008
p075,12.883228,77.523713,504,9269,0.1697,0.0822,0.8288,0.9763,0.5223
p076,12.884025,77.617573,1248,8023,0.3538,0.2467,0.8882,0.7545,0.5728
p077,12.884252,77.529497,528,9305,0.1986,0.0875,0.8271,0.9414,0.5172
p078,12.8845,77.553138,720,8110,0.389,0.1300,0.8841,0.7120,0.5103
p079,12.884506,77.549222,678,8218,0.3757,0.1207,0.8789,0.7281,0.5075
p080,12.884568,77.540808,594,8769,0.303,0.1021,0.8526,0.8157,0.5075
p081,12.884648,77.645291,1272,11137,0.8942,0.2520,0.7397,0.1034,0.3930
p082,12.884753,77.505231,468,8076,0.1511,0.0743,0.8857,0.9987,0.5431
p083,12.884785,77.56427,864,8435,0.3887,0.1618,0.8686,0.7124,0.5193
p084,12.885124,77.576766,1056,12170,0.483,0.2042,0.6905,0.5988,0.4533
p085,12.885141,77.636979,1302,10142,0.838,0.2586,0.7872,0.1711,0.4261
p086,12.885475,77.594692,1266,8801,0.8999,0.2507,0.8511,0.0965,0.4300
p087,12.885613,77.480455,402,6442,0.15,0.0597,0.9636,1.0000,0.5641
p088,12.885772,77.614554,1326,8290,0.4427,0.2639,0.8755,0.6473,0.5547
p089,12.88627,77.659022,1212,11007,0.5654,0.2387,0.7459,0.4995,0.4684
p090,12.886778,77.492495,468,6718,0.1501,0.0743,0.9504,0.9999,0.5660
p091,12.886895,77.496189,480,6993,0.1503,0.0769,0.9373,0.9996,0.5626
p092,12.887466,77.51225,540,8682,0.1563,0.0902,0.8568,0.9924,0.5389
p093,12.890719,77.627362,1566,5943,0.7071,0.3170,0.9874,0.3288,0.5540
p094,12.890793,77.489862,504,6268,0.1502,0.0822,0.9719,0.9998,0.5771
p095,12.891686,77.662569,1350,12356,0.4019,0.2692,0.6816,0.6965,0.4990
p096,12.892023,77.596777,1644,9263,0.9,0.3342,0.8291,0.0964,0.4599
p097,12.892405,77.548334,906,8508,0.5981,0.1711,0.8651,0.4601,0.4718
p098,12.892633,77.537021,768,9765,0.3862,0.1406,0.8051,0.7154,0.4881
p099,12.892789,77.636701,1620,9702,0.8966,0.3289,0.8082,0.1005,0.4510
p100,12.892803,77.466247,360,6350,0.15,0.0504,0.9680,1.0000,0.5615
p101,12.892923,77.506046,594,7790,0.1553,0.1021,0.8993,0.9936,0.5594
p102,12.893345,77.483707,480,5997,0.1501,0.0769,0.9848,0.9999,0.5793
p103,12.89347,77.50077,582,7019,0.1523,0.0995,0.9361,0.9972,0.5718
p104,12.893604,77.586513,1578,12011,0.7232,0.3196,0.6981,0.3094,0.4500
p105,12.893652,77.577904,1494,12193,0.6542,0.3011,0.6894,0.3925,0.4553
p106,12.893848,77.643932,1614,11757,0.8561,0.3276,0.7102,0.1493,0.4258
p107,12.894002,77.619093,1728,7159,0.5482,0.3528,0.9294,0.5202,0.5881
p108,12.894042,77.565445,1308,9242,0.6798,0.2599,0.8301,0.3617,0.4798
p109,12.894101,77.573969,1434,11752,0.673,0.2878,0.7104,0.3699,0.4521
p110,12.894305,77.654436,1494,11480,0.5995,0.3011,0.7234,0.4584,0.4803
p111,12.894309,77.55416,1074,8219,0.6997,0.2082,0.8789,0.3377,0.4688
p112,12.894388,77.521616,708,9406,0.2098,0.1273,0.8223,0.9280,0.5307
p113,12.894648,77.668829,1332,13262,0.2723,0.2653,0.6384,0.8527,0.5133
p114,12.895499,77.612022,1812,8217,0.6009,0.3714,0.8790,0.4567,0.5661
p115,12.895529,77.533668,816,10133,0.3747,0.1512,0.7876,0.7293,0.4896
p116,12.895619,77.517158,702,9043,0.1898,0.1260,0.8396,0.9520,0.5410
p117,12.895629,77.604751,1830,8521,0.8097,0.3753,0.8645,0.2052,0.5125
p118,12.898453,77.590152,1908,11255,0.7927,0.3926,0.7341,0.2257,0.4787
p119,12.898902,77.555776,1242,9330,0.8267,0.2454,0.8259,0.1847,0.4364
p120,12.899036,77.578594,1764,11817,0.8132,0.3607,0.7073,0.2010,0.4501
p121,12.899171,77.523936,828,9632,0.2767,0.1538,0.8115,0.8473,0.5227
p122,12.899208,77.625752,1980,7158,0.8444,0.4085,0.9294,0.1634,0.5418
p123,12.899225,77.52915,870,10121,0.3562,0.1631,0.7882,0.7516,0.4996
p124,12.899404,77.670133,1422,13314,0.3771,0.2851,0.6359,0.7264,0.4962
p125,12.899419,77.650875,1728,11548,0.6081,0.3528,0.7201,0.4481,0.5004
p126,12.89959,77.466884,408,6130,0.15,0.0610,0.9785,1.0000,0.5699
p127,12.899611,77.562439,1452,9599,0.8377,0.2918,0.8131,0.1714,0.4502
p128,12.899967,77.618512,2040,7126,0.6791,0.4218,0.9310,0.3625,0.5881
p129,12.900047,77.659811,1608,12902,0.3731,0.3263,0.6556,0.7312,0.5225
p130,12.900195,77.61361,2046,7620,0.6411,0.4231,0.9074,0.4083,0.5896
p131,12.900595,77.547521,1134,11044,0.7896,0.2215,0.7442,0.2294,0.4060
p132,12.900946,77.604312,2184,8754,0.8264,0.4536,0.8533,0.1851,0.5398
p133,12.901029,77.635823,2034,9958,0.9182,0.4204,0.7959,0.0745,0.4827
p134,12.901079,77.538404,1014,11171,0.5943,0.1950,0.7381,0.4647,0.4390
p135,12.901173,77.679616,1344,14745,0.5509,0.2679,0.5677,0.5170,0.4227
p136,12.90121,77.642086,1968,11314,0.8091,0.4058,0.7313,0.2059,0.4798
p137,12.901586,77.508266,768,7934,0.1758,0.1406,0.8924,0.9689,0.5694
p138,12.901656,77.596718,2154,9769,0.9005,0.4469,0.8050,0.0958,0.5020
p139,12.90216,77.491337,624,5877,0.1519,0.1088,0.9905,0.9977,0.5952
p140,12.902189,77.569543,1716,10395,0.8782,0.3501,0.7751,0.1227,0.4534
p141,12.902446,77.498864,690,6409,0.1571,0.1233,0.9651,0.9914,0.5916
p142,12.902593,77.476399,504,5842,0.1501,0.0822,0.9922,0.9999,0.5842
p143,12.902871,77.484733,582,5807,0.1506,0.0995,0.9938,0.9993,0.5925
p144,12.903633,77.513633,846,8579,0.2155,0.1578,0.8617,0.9211,0.5568
p145,12.906361,77.572483,1962,10617,0.8988,0.4045,0.7645,0.0978,0.4692
p146,12.906636,77.467166,438,6061,0.15,0.0676,0.9817,1.0000,0.5740
p147,12.906677,77.606327,2538,9579,0.8817,0.5318,0.8140,0.1184,0.5479
p148,12.906761,77.528473,1074,10056,0.487,0.2082,0.7913,0.5940,0.4894
p149,12.906867,77.613627,2418,8803,0.9125,0.5053,0.8510,0.0813,0.5415
p150,12.906964,77.706394,942,12203,0.8846,0.1790,0.6889,0.1149,0.3447
p151,12.907038,77.651882,1962,12343,0.5597,0.4045,0.6822,0.5064,0.5221
p152,12.907732,77.554665,1518,9959,0.889,0.3064,0.7959,0.1096,0.4384
p153,12.907974,77.617755,2502,8455,0.9768,0.5239,0.8676,0.0039,0.5402
p154,12.908381,77.695548,1194,12018,0.8945,0.2347,0.6977,0.1030,0.3704
p155,12.908505,77.637211,2388,12888,0.8675,0.4987,0.6563,0.1355,0.4812
p156,12.90867,77.480154,576,5807,0.1507,0.0981,0.9938,0.9992,0.5918
p157,12.908869,77.521946,1032,9049,0.3916,0.1989,0.8393,0.7089,0.5251
p158,12.908953,77.64459,2238,12783,0.6803,0.4655,0.6613,0.3611,0.5131
p159,12.909298,77.580402,2310,10534,0.8759,0.4814,0.7685,0.1254,0.5107
p160,12.909314,77.49165,702,5870,0.1564,0.1260,0.9908,0.9923,0.6020
p161,12.909525,77.545656,1374,12007,0.8828,0.2745,0.6983,0.1171,0.3914
p162,12.909585,77.596939,2622,10691,0.9049,0.5504,0.7610,0.0905,0.5321
p163,12.909648,77.717511,756,12546,0.6822,0.1379,0.6726,0.3588,0.3692
p164,12.909838,77.56302,1848,9960,0.8589,0.3793,0.7959,0.1459,0.4784
p165,12.909931,77.509193,906,8167,0.2279,0.1711,0.8813,0.9061,0.5667
p166,12.910105,77.679148,1560,16376,0.8045,0.3156,0.4900,0.2114,0.3558
p167,12.9105,77.512837,972,8422,0.2719,0.1857,0.8692,0.8531,0.5584
p168,12.910604,77.627847,2562,10548,0.98,0.5371,0.7678,0.0000,0.5104
p169,12.910651,77.476369,552,5843,0.1504,0.0928,0.9921,0.9995,0.5889
p170,12.910768,77.539429,1332,11607,0.8174,0.2653,0.7173,0.1959,0.4096
p171,12.910773,77.6862,1476,13664,0.8749,0.2971,0.6193,0.1266,0.3758
p172,12.910787,77.660859,1836,13530,0.6398,0.3767,0.6256,0.4099,0.4704
p173,12.911634,77.724293,660,13196,0.5019,0.1167,0.6416,0.5760,0.3923
p174,12.911709,77.666682,1806,14122,0.7134,0.3700,0.5974,0.3212,0.4399
p175,12.9118,77.50016,828,6865,0.1819,0.1538,0.9434,0.9616,0.5917
p176,12.914392,77.545761,1530,11379,0.8996,0.3090,0.7282,0.0969,0.4133
p177,12.914793,77.633571,2664,12721,0.98,0.5597,0.6642,0.0000,0.4843
p178,12.914922,77.475579,576,5921,0.1507,0.0981,0.9884,0.9992,0.5899
p179,12.915092,77.491382,768,6021,0.1643,0.1406,0.9836,0.9828,0.6041
p180,12.915127,77.572821,2310,10738,0.7359,0.4814,0.7588,0.2941,0.5410
p181,12.915305,77.74168,486,13942,0.2204,0.0782,0.6060,0.9152,0.4304
p182,12.915621,77.55666,1848,10947,0.7478,0.3793,0.7488,0.2798,0.4887
p183,12.915631,77.694543,1428,12242,0.8631,0.2865,0.6871,0.1408,0.3976
p184,12.916098,77.523377,1224,8601,0.5746,0.2414,0.8606,0.4884,0.5075
p185,12.916159,77.538694,1458,10624,0.8766,0.2931,0.7642,0.1246,0.4243
p186,12.916399,77.586597,2688,11614,0.7733,0.5650,0.7170,0.2490,0.5550
p187,12.916838,77.565328,2178,10679,0.6743,0.4523,0.7616,0.3683,0.5437
p188,12.91692,77.51546,1128,8381,0.4139,0.2202,0.8711,0.6820,0.5404
p189,12.917,77.709259,1026,12220,0.6376,0.1976,0.6881,0.4125,0.4123
p190,12.917127,77.481441,660,5920,0.1535,0.1167,0.9885,0.9958,0.5976
p191,12.917241,77.641742,2556,12882,0.9265,0.5358,0.6565,0.0645,0.4838
p192,12.917493,77.668946,1830,14670,0.9314,0.3753,0.5713,0.0586,0.3806
p193,12.917493,77.593962,2862,13811,0.9033,0.6034,0.6123,0.0924,0.5043
p194,12.917572,77.530232,1362,9349,0.7652,0.2719,0.8250,0.2588,0.4629
p195,12.917711,77.662904,1908,14609,0.8979,0.3926,0.5742,0.0989,0.3974
p196,12.918522,77.699915,1332,12254,0.7424,0.2653,0.6865,0.2863,0.4169
p197,12.918938,77.734147,612,13566,0.2361,0.1061,0.6239,0.8963,0.4454
p198,12.919234,77.609959,3090,10520,0.9708,0.6538,0.7692,0.0111,0.5657
p199,12.919343,77.579389,2634,11510,0.606,0.5531,0.7220,0.4506,0.5917
p200,12.919391,77.625799,2940,11792,0.98,0.6207,0.7085,0.0000,0.5273
p201,12.919469,77.505667,978,8149,0.2889,0.1870,0.8822,0.8327,0.5594
p202,12.920028,77.676642,1782,14591,0.9546,0.3647,0.5751,0.0306,0.3715
p203,12.922571,77.702345,1374,12174,0.5901,0.2745,0.6903,0.4698,0.4591
p204,12.922687,77.66911,1878,14910,0.98,0.3859,0.5599,0.0000,0.3696
p205,12.92271,77.652917,2310,13836,0.9624,0.4814,0.6111,0.0212,0.4348
p206,12.922728,77.485125,750,6338,0.1636,0.1366,0.9685,0.9836,0.5972
p207,12.922782,77.675429,1812,14465,0.965,0.3714,0.5811,0.0181,0.3741
p208,12.922902,77.588514,2946,14897,0.8478,0.6220,0.5605,0.1593,0.5079
p209,12.922951,77.717012,948,12152,0.3554,0.1804,0.6913,0.7525,0.4736
p210,12.923136,77.610471,3270,10764,0.8709,0.6936,0.7575,0.1314,0.6036
p211,12.923253,77.577704,2700,11806,0.5283,0.5676,0.7078,0.5442,0.6120
p212,12.923379,77.661334,2058,14938,0.98,0.4257,0.5585,0.0000,0.3871
p213,12.923432,77.735373,654,12832,0.1918,0.1154,0.6589,0.9496,0.4725
p214,12.923486,77.687498,1776,12904,0.783,0.3634,0.6555,0.2373,0.4404
p215,12.92366,77.634379,3000,13109,0.98,0.6340,0.6457,0.0000,0.5113
p216,12.923664,77.594025,3060,15357,0.9153,0.6472,0.5385,0.0780,0.4953
p217,12.924302,77.491655,828,6929,0.1953,0.1538,0.9404,0.9454,0.5874
p218,12.924466,77.557385,2100,10958,0.5347,0.4350,0.7483,0.5365,0.5650
p219,12.924519,77.605132,3222,11931,0.7546,0.6830,0.7019,0.2716,0.6073
p220,12.925128,77.474043,594,6549,0.1519,0.1021,0.9585,0.9977,0.5810
p221,12.925195,77.62808,3252,14055,0.98,0.6897,0.6006,0.0000,0.5206
p222,12.925226,77.563299,2346,10855,0.405,0.4894,0.7532,0.6928,0.6224
p223,12.925394,77.538399,1602,9608,0.8858,0.3249,0.8126,0.1135,0.4533
p224,12.925421,77.500469,972,7894,0.2948,0.1857,0.8944,0.8255,0.5617
p225,12.925551,77.512951,1176,8334,0.5392,0.2308,0.8734,0.5311,0.5157
p226,12.925863,77.693361,1722,12240,0.6284,0.3515,0.6872,0.4236,0.4834
p227,12.925872,77.74327,582,11894,0.1619,0.0995,0.7036,0.9857,0.4882
p228,12.925891,77.57151,2544,11207,0.394,0.5332,0.7364,0.7060,0.6389
p229,12.926169,77.532902,1530,9203,0.8988,0.3090,0.8319,0.0978,0.4498
p230,12.926171,77.522136,1350,8347,0.766,0.2692,0.8728,0.2578,0.4782
p231,12.926217,77.707972,1260,12000,0.4093,0.2493,0.6986,0.6876,0.4942
p232,12.927064,77.621349,3384,14106,0.9177,0.7188,0.5982,0.0751,0.5479
p233,12.927117,77.747896,540,11288,0.1554,0.0902,0.7325,0.9935,0.4957
p234,12.92719,77.641692,2808,13139,0.8445,0.5915,0.6443,0.1633,0.5243
p235,12.927199,77.505358,1074,8144,0.4063,0.2082,0.8824,0.6912,0.5408
p236,12.928094,77.727483,834,12172,0.1968,0.1552,0.6904,0.9436,0.5002
p237,12.930811,77.539269,1710,9529,0.8074,0.3488,0.8164,0.2080,0.4843
p238,12.931119,77.577524,2814,11962,0.491,0.5928,0.7004,0.5892,0.6298
p239,12.931231,77.498499,978,7869,0.3324,0.1870,0.8955,0.7802,0.5536
p240,12.931304,77.507287,1140,8017,0.5339,0.2228,0.8885,0.5375,0.5187
p241,12.931443,77.653359,2466,13881,0.8302,0.5159,0.6089,0.1805,0.4814
p242,12.931482,77.748081,582,10664,0.1641,0.0995,0.7623,0.9830,0.5082
p243,12.931637,77.613186,3510,13233,0.5993,0.7467,0.6398,0.4587,0.6517
p244,12.931866,77.548914,1974,9565,0.5697,0.4072,0.8147,0.4943,0.5672
p245,12.932003,77.662613,2196,14781,0.9448,0.4562,0.5660,0.0424,0.4119
p246,12.932004,77.708104,1500,11833,0.2888,0.3024,0.7066,0.8328,0.5499
p247,12.932127,77.677824,1818,13436,0.8996,0.3727,0.6301,0.0969,0.4076
p248,12.932356,77.643619,2946,13361,0.6929,0.6220,0.6337,0.3459,0.5709
p249,12.932518,77.718465,1110,11796,0.2103,0.2162,0.7083,0.9273,0.5307
p250,12.932664,77.701411,1710,11971,0.3766,0.3488,0.7000,0.7270,0.5474
p251,12.932836,77.756884,516,10644,0.1662,0.0849,0.7632,0.9805,0.5014
p252,12.933097,77.74273,666,11162,0.1701,0.1180,0.7385,0.9758,0.5068
p253,12.93327,77.586183,3018,13630,0.7068,0.6379,0.6209,0.3292,0.5702
p254,12.933525,77.530265,1578,8421,0.889,0.3196,0.8692,0.1096,0.4700
p255,12.933905,77.564769,2502,11003,0.2475,0.5239,0.7461,0.8825,0.6734
p256,12.934276,77.637365,3330,14439,0.5962,0.7069,0.5823,0.4624,0.6144
p257,12.934303,77.734905,774,12044,0.1764,0.1419,0.6965,0.9682,0.5013
p258,12.934737,77.727413,942,12010,0.1797,0.1790,0.6981,0.9642,0.5178
p259,12.934846,77.684408,1734,12249,0.8048,0.3541,0.6867,0.2111,0.4419
p260,12.934883,77.572615,2688,11697,0.3286,0.5650,0.7130,0.7848,0.6608
p261,12.934959,77.523746,1518,7520,0.8961,0.3064,0.9122,0.1011,0.4773
p262,12.935009,77.692901,1800,11999,0.6155,0.3687,0.6986,0.4392,0.4983
p263,12.935042,77.554627,2226,9670,0.3792,0.4629,0.8097,0.7239,0.6364
p264,12.935257,77.517051,1404,7357,0.8304,0.2812,0.9200,0.1802,0.4846
p265,12.935436,77.594571,3186,14365,0.7908,0.6751,0.5858,0.2280,0.5544
p266,12.93882,77.731324,912,12247,0.21,0.1724,0.6868,0.9277,0.5035
p267,12.938856,77.539664,1836,9446,0.6332,0.3767,0.8204,0.4178,0.5402
p268,12.939048,77.742358,738,12092,0.2099,0.1340,0.6942,0.9278,0.4888
p269,12.939269,77.658175,2370,13152,0.6229,0.4947,0.6437,0.4302,0.5339
p270,12.939558,77.574317,2760,11740,0.3082,0.5809,0.7110,0.8094,0.6721
p271,12.939626,77.552669,2232,9558,0.3373,0.4642,0.8150,0.7743,0.6490
p272,12.939809,77.52379,1578,7099,0.8923,0.3196,0.9323,0.1057,0.4913
p273,12.939969,77.756755,564,10457,0.21,0.0955,0.7722,0.9277,0.4988
p274,12.940022,77.560567,2424,10524,0.232,0.5066,0.7690,0.9012,0.6774
p275,12.940145,77.651973,2670,12810,0.5074,0.5610,0.6600,0.5694,0.5973
p276,12.940333,77.671235,1974,12927,0.871,0.4072,0.6544,0.1313,0.4385
p277,12.940844,77.485147,804,7897,0.2174,0.1485,0.8942,0.9188,0.5636
p278,12.941277,77.725892,1146,11981,0.2406,0.2241,0.6995,0.8908,0.5239
p279,12.94159,77.545679,2076,9515,0.434,0.4297,0.8171,0.6578,0.6109
p280,12.941601,77.597143,3300,14384,0.6254,0.7003,0.5849,0.4272,0.6053
p281,12.941925,77.694101,1734,11953,0.7705,0.3541,0.7008,0.2524,0.4551
p282,12.942103,77.634568,4152,14512,0.423,0.8886,0.5788,0.6711,0.7367
p283,12.942146,77.490619,912,7937,0.2981,0.1724,0.8923,0.8216,0.5542
p284,12.942295,77.514454,1404,7047,0.8714,0.2812,0.9347,0.1308,0.4799
p285,12.9427,77.499153,1080,7814,0.4983,0.2095,0.8982,0.5804,0.5247
p286,12.943031,77.71066,1740,10843,0.4149,0.3554,0.7538,0.6808,0.5599
p287,12.943086,77.578767,2880,11779,0.3287,0.6074,0.7091,0.7847,0.6785
p288,12.943218,77.67939,1746,12167,0.907,0.3568,0.6906,0.0880,0.4199
p289,12.943223,77.529787,1734,7718,0.7638,0.3541,0.9027,0.2605,0.5274
p290,12.943633,77.686676,1698,11966,0.9082,0.3462,0.7002,0.0865,0.4181
p291,12.943853,77.619239,4014,14900,0.3039,0.8581,0.5603,0.8146,0.7452
p292,12.943936,77.644825,3444,12861,0.4979,0.7321,0.6575,0.5808,0.6758
p293,12.944143,77.701458,1776,11281,0.6678,0.3634,0.7329,0.3761,0.4953
p294,12.946832,77.65896,2460,11888,0.6193,0.5146,0.7039,0.4346,0.5649
p295,12.947072,77.613697,3732,15034,0.2939,0.7958,0.5539,0.8266,0.7173
p296,12.94737,77.533382,1896,8450,0.5905,0.3899,0.8678,0.4693,0.5731
p297,12.947509,77.73393,1062,12500,0.3565,0.2056,0.6748,0.7512,0.4789
p298,12.947897,77.499935,1164,7818,0.6017,0.2281,0.8980,0.4558,0.5081
p299,12.947915,77.513381,1452,7240,0.8915,0.2918,0.9255,0.1066,0.4766
p300,12.948024,77.604335,3450,16267,0.3998,0.7334,0.4952,0.6990,0.6432
p301,12.948061,77.739331,906,12703,0.3707,0.1711,0.6651,0.7341,0.4566
p302,12.948296,77.748202,750,11521,0.3776,0.1366,0.7214,0.7258,0.4591
p303,12.94835,77.723585,1446,11912,0.3841,0.2905,0.7028,0.7180,0.5203
p304,12.94884,77.701093,1710,10152,0.8373,0.3488,0.7867,0.1719,0.4667
p305,12.948876,77.719309,1614,11531,0.4488,0.3276,0.7210,0.6400,0.5277
p306,12.949216,77.757125,648,11088,0.3699,0.1141,0.7421,0.7351,0.4581
p307,12.949374,77.653573,2898,11981,0.6899,0.6114,0.6995,0.3495,0.5899
p308,12.949438,77.693641,1674,11861,0.98,0.3408,0.7052,0.0000,0.4002
p309,12.9495,77.564084,2664,11427,0.1681,0.5597,0.7259,0.9782,0.7016
p310,12.949548,77.590447,3126,15480,0.3476,0.6618,0.5327,0.7619,0.6366
p311,12.949557,77.574252,2814,11870,0.213,0.5928,0.7048,0.9241,0.6983
p312,12.949614,77.627597,4428,14164,0.5324,0.9496,0.5954,0.5393,0.7436
p313,12.949835,77.552705,2322,9944,0.2198,0.4841,0.7966,0.9159,0.6798
p314,12.949875,77.68341,1680,11999,0.9165,0.3422,0.6986,0.0765,0.4138
p315,12.950059,77.66771,2052,11395,0.7311,0.4244,0.7274,0.2999,0.5056
p316,12.950239,77.675438,1842,11684,0.7484,0.3780,0.7137,0.2790,0.4757
p317,12.950245,77.548698,2220,9703,0.254,0.4615,0.8081,0.8747,0.6655
p318,12.950272,77.520949,1662,7330,0.8385,0.3382,0.9212,0.1705,0.5087
p319,12.950597,77.540027,2052,9216,0.3771,0.4244,0.8313,0.7264,0.6272
p320,12.950657,77.634456,4578,13518,0.6824,0.9828,0.6262,0.3586,0.7331
p321,12.951836,77.472991,552,8169,0.173,0.0928,0.8812,0.9723,0.5447
p322,12.951851,77.581691,2988,13232,0.2494,0.6313,0.6399,0.8802,0.6841
p323,12.951924,77.490494,948,7982,0.4058,0.1804,0.8902,0.6918,0.5311
p324,12.951959,77.594554,3276,17160,0.3211,0.6950,0.4526,0.7939,0.6299
p325,12.952135,77.483438,756,8081,0.2689,0.1379,0.8854,0.8567,0.5433
p326,12.954977,77.528852,1866,8439,0.568,0.3833,0.8684,0.4964,0.5757
p327,12.955014,77.732916,1344,12358,0.589,0.2679,0.6815,0.4711,0.4533
p328,12.955205,77.492279,978,7939,0.4967,0.1870,0.8922,0.5823,0.5129
p329,12.95527,77.626284,4176,14041,0.6086,0.8939,0.6013,0.4475,0.7022
p330,12.955319,77.707311,1698,8626,0.9022,0.3462,0.8595,0.0937,0.4753
p331,12.955449,77.714827,1770,11607,0.7303,0.3621,0.7173,0.3008,0.4742
p332,12.955815,77.605645,3582,17524,0.2348,0.7626,0.4352,0.8978,0.6751
p333,12.955908,77.682196,1644,12010,0.9272,0.3342,0.6981,0.0636,0.4075
p334,12.955993,77.54763,2250,9547,0.2139,0.4682,0.8155,0.9230,0.6807
p335,12.956159,77.635262,4656,13505,0.8306,1.0000,0.6268,0.1800,0.7054
p336,12.956353,77.747745,864,12036,0.6816,0.1618,0.6969,0.3595,0.3886
p337,12.956517,77.643082,4464,12850,0.8618,0.9576,0.6581,0.1424,0.6897
p338,12.956619,77.764468,624,11551,0.4428,0.1088,0.7200,0.6472,0.4304
p339,12.956778,77.612744,3678,16725,0.2927,0.7838,0.4733,0.8281,0.6840
p340,12.956912,77.515142,1548,7874,0.8719,0.3130,0.8953,0.1302,0.4803
p341,12.957026,77.58649,3204,17406,0.247,0.6790,0.4409,0.8831,0.6365
p342,12.957124,77.48348,732,8087,0.2959,0.1326,0.8851,0.8242,0.5343
p343,12.957388,77.662657,2496,11021,0.8861,0.5225,0.7453,0.1131,0.5186
p344,12.957416,77.505763,1320,7726,0.8664,0.2626,0.9024,0.1369,0.4614
p345,12.957567,77.499336,1164,7791,0.7343,0.2281,0.8993,0.2960,0.4766
p346,12.958052,77.474685,558,8199,0.1895,0.0942,0.8798,0.9524,0.5408
p347,12.958106,77.622078,3966,14656,0.5083,0.8475,0.5720,0.5683,0.6952
p348,12.958447,77.593786,3438,18506,0.2345,0.7308,0.3884,0.8982,0.6444
p349,12.95852,77.651203,3846,11946,0.8917,0.8210,0.7012,0.1064,0.6361
p350,12.958578,77.759986,702,11841,0.6171,0.1260,0.7062,0.4372,0.3913
p351,12.958682,77.571429,2844,13028,0.1949,0.5995,0.6496,0.9459,0.6863
p352,12.958991,77.693919,1536,13814,0.98,0.3103,0.6121,0.0000,0.3539
p353,12.959041,77.581809,3084,16379,0.2464,0.6525,0.4898,0.8839,0.6418
p354,12.959203,77.739237,1200,12396,0.7674,0.2361,0.6797,0.2561,0.3954
p355,12.959289,77.562578,2652,11582,0.1629,0.5570,0.7185,0.9845,0.6990
p356,12.959783,77.541726,2118,8899,0.2382,0.4390,0.8464,0.8937,0.6725
p357,12.959847,77.725675,1668,12810,0.7474,0.3395,0.6600,0.2802,0.4398
p358,12.960149,77.521526,1734,8419,0.6963,0.3541,0.8693,0.3418,0.5320
p359,12.960197,77.702238,1578,11270,0.98,0.3196,0.7334,0.0000,0.4005
p360,12.96034,77.676312,1794,11404,0.9151,0.3674,0.7270,0.0782,0.4354
p361,12.962966,77.557088,2520,10574,0.1596,0.5279,0.7666,0.9884,0.7035
p362,12.963246,77.725598,1704,12928,0.8383,0.3475,0.6544,0.1707,0.4195
p363,12.963819,77.757764,780,12222,0.8553,0.1432,0.6880,0.1502,0.3353
p364,12.963891,77.629544,4020,14206,0.7398,0.8594,0.5934,0.2894,0.6523
p365,12.963999,77.691807,1518,13019,0.98,0.3064,0.6500,0.0000,0.3654
p366,12.964019,77.731245,1614,12865,0.8675,0.3276,0.6574,0.1355,0.4046
p367,12.96403,77.714575,1668,13708,0.9156,0.3395,0.6172,0.0776,0.3843
p368,12.964276,77.601106,3846,18583,0.1896,0.8210,0.3847,0.9523,0.6945
p369,12.964323,77.654,3966,10625,0.87,0.8475,0.7641,0.1325,0.6753
p370,12.964438,77.546086,2250,8570,0.1823,0.4682,0.8621,0.9611,0.7046
p371,12.964456,77.643959,4542,13570,0.8743,0.9748,0.6237,0.1273,0.6824
p372,12.964491,77.74282,1212,12539,0.98,0.2387,0.6729,0.0000,0.3429
p373,12.964508,77.709896,1596,12666,0.9728,0.3236,0.6668,0.0087,0.3808
p374,12.964721,77.522033,1740,8626,0.6598,0.3554,0.8595,0.3858,0.5379
p375,12.964904,77.764832,672,11678,0.5974,0.1194,0.7139,0.4610,0.3958
p376,12.965084,77.6115,3834,17655,0.2579,0.8183,0.4290,0.8700,0.6924
p377,12.965175,77.63561,4320,14177,0.8492,0.9257,0.5948,0.1576,0.6563
p378,12.965306,77.686904,1560,12251,0.9229,0.3156,0.6866,0.0688,0.3961
p379,12.965406,77.594626,3636,24770,0.2143,0.7745,0.0898,0.9225,0.5645
p380,12.96547,77.538339,2082,8480,0.2593,0.4310,0.8664,0.8683,0.6709
p381,12.965487,77.485062,720,8041,0.3333,0.1300,0.8873,0.7792,0.5249
p382,12.96567,77.584917,3318,20806,0.2849,0.7042,0.2788,0.8375,0.5820
p383,12.965933,77.515591,1608,8334,0.8392,0.3263,0.8734,0.1696,0.4864
p384,12.966025,77.532728,1980,9337,0.3692,0.4085,0.8256,0.7359,0.6199
p385,12.966143,77.619503,3846,15313,0.4177,0.8210,0.5406,0.6775,0.6941
p386,12.966353,77.499343,1116,7825,0.7374,0.2175,0.8976,0.2923,0.4705
p387,12.96657,77.507063,1362,7772,0.8876,0.2719,0.9002,0.1113,0.4597
p388,12.966576,77.701768,1530,11819,0.98,0.3090,0.7072,0.0000,0.3866
p389,12.966847,77.667479,2670,11072,0.8098,0.5610,0.7428,0.2051,0.5535
p390,12.966921,77.488669,798,7983,0.4143,0.1472,0.8901,0.6816,0.5141
p391,12.967088,77.748185,1092,12488,0.98,0.2122,0.6753,0.0000,0.3319
p392,12.967773,77.562515,2694,11995,0.1679,0.5663,0.6988,0.9784,0.6951
p393,12.968124,77.662344,3384,10982,0.7804,0.7188,0.7471,0.2405,0.6331
p394,12.968193,77.582134,3258,19529,0.3005,0.6910,0.3396,0.8187,0.5936
p395,12.971303,77.629807,3792,15053,0.6096,0.8090,0.5530,0.4463,0.6469
p396,12.971404,77.67762,2016,11454,0.6764,0.4164,0.7246,0.3658,0.5142
p397,12.971705,77.596554,3816,26653,0.1983,0.8143,0.0000,0.9418,0.5548
p398,12.971778,77.691484,1518,11371,0.9121,0.3064,0.7286,0.0818,0.4092
p399,12.971829,77.73576,1644,13544,0.9536,0.3342,0.6250,0.0318,0.3755
p400,12.971959,77.650183,4452,12674,0.6794,0.9549,0.6665,0.3622,0.7354
p401,12.972141,77.756023,930,12292,0.98,0.1764,0.6847,0.0000,0.3190
p402,12.972192,77.581797,3372,19382,0.2969,0.7162,0.3467,0.8230,0.6082
p403,12.972501,77.572285,3024,15393,0.2337,0.6393,0.5368,0.8992,0.6554
p404,12.972626,77.775879,540,10430,0.2814,0.0902,0.7734,0.8417,0.4796
p405,12.97263,77.609843,3984,18216,0.2111,0.8515,0.4022,0.9264,0.7092
p406,12.972736,77.750817,1152,12462,0.98,0.2255,0.6766,0.0000,0.3383
p407,12.972835,77.546197,2316,7557,0.2076,0.4828,0.9104,0.9306,0.7220
p408,12.972905,77.602014,4086,19519,0.1791,0.8740,0.3401,0.9649,0.7053
p409,12.973036,77.767218,678,10922,0.5218,0.1207,0.7500,0.5520,0.4272
p410,12.973171,77.642072,4164,19297,0.6505,0.8912,0.3507,0.3970,0.6032
p411,12.973553,77.715559,1524,12920,0.857,0.3077,0.6547,0.1482,0.3973
p412,12.973678,77.524437,1794,9353,0.691,0.3674,0.8248,0.3482,0.5236
p413,12.97376,77.636846,3906,18535,0.6309,0.8342,0.3870,0.4206,0.5950
p414,12.973817,77.741246,1476,13257,0.98,0.2971,0.6387,0.0000,0.3572
p415,12.97402,77.533734,2004,8836,0.4204,0.4138,0.8494,0.6742,0.6184
p416,12.974573,77.663043,3786,10790,0.5827,0.8077,0.7563,0.4787,0.7239
p417,12.974632,77.552704,2478,9526,0.1815,0.5186,0.8165,0.9620,0.7116
p418,12.974973,77.724596,1602,13012,0.8392,0.3249,0.6503,0.1696,0.4078
p419,12.975042,77.686553,1662,11488,0.7467,0.3382,0.7230,0.2811,0.4615
p420,12.975247,77.512155,1452,8343,0.8985,0.2918,0.8729,0.0982,0.4565
p421,12.97542,77.497177,984,7830,0.5679,0.1883,0.8974,0.4965,0.4981
p422,12.975438,77.506377,1296,8094,0.8249,0.2573,0.8848,0.1869,0.4628
p423,12.975539,77.617316,3960,14890,0.2789,0.8462,0.5608,0.8447,0.7460
p424,12.975837,77.484199,624,7871,0.2576,0.1088,0.8954,0.8704,0.5364
p425,12.975962,77.5861,3576,20785,0.2599,0.7613,0.2798,0.8676,0.6140
p426,12.976631,77.702736,1476,11295,0.8614,0.2971,0.7322,0.1429,0.4185
p427,12.976718,77.66941,3294,10639,0.5165,0.6989,0.7635,0.5584,0.6934
p428,12.979564,77.675688,2742,11286,0.4359,0.5769,0.7326,0.6555,0.6471
p429,12.979567,77.614439,3978,15324,0.2139,0.8501,0.5401,0.9230,0.7562
p430,12.979763,77.734286,1590,13405,0.7386,0.3223,0.6316,0.2908,0.4243
p431,12.980217,77.479671,498,7823,0.193,0.0809,0.8977,0.9482,0.5403
p432,12.980349,77.620051,3996,14106,0.2604,0.8541,0.5982,0.8670,0.7671
p433,12.980519,77.499853,1026,7426,0.5898,0.1976,0.9167,0.4701,0.5038
p434,12.980672,77.666096,3948,10112,0.4292,0.8435,0.7886,0.6636,0.7883
p435,12.981195,77.741366,1500,11979,0.7343,0.3024,0.6996,0.2960,0.4401
p436,12.981242,77.604501,3972,18228,0.1652,0.8488,0.4017,0.9817,0.7189
p437,12.981442,77.764979,834,9899,0.4643,0.1552,0.7988,0.6213,0.4737
p438,12.981523,77.651758,4062,11992,0.388,0.8687,0.6990,0.7133,0.7782
p439,12.981917,77.569225,2910,14983,0.1814,0.6141,0.5564,0.9622,0.6635
p440,12.981986,77.523192,1758,7884,0.8093,0.3594,0.8948,0.2057,0.5161
p441,12.982132,77.544743,2316,9184,0.3175,0.4828,0.8328,0.7982,0.6684
p442,12.982149,77.707775,1458,12507,0.6941,0.2931,0.6744,0.3445,0.4368
p443,12.98218,77.699339,1506,11159,0.8983,0.3037,0.7387,0.0984,0.4149
p444,12.982329,77.646885,3654,14053,0.3663,0.7785,0.6007,0.7394,0.7085
p445,12.982711,77.715479,1452,14057,0.594,0.2918,0.6005,0.4651,0.4345
p446,12.982783,77.473614,384,7944,0.1623,0.0557,0.8920,0.9852,0.5343
p447,12.982799,77.536891,2112,9179,0.4827,0.4377,0.8331,0.5992,0.6084
p448,12.982895,77.587846,3480,20609,0.1952,0.7401,0.2882,0.9455,0.6230
p449,12.982898,77.506921,1236,7340,0.7701,0.2440,0.9208,0.2529,0.4827
p450,12.982937,77.751871,1308,9734,0.69,0.2599,0.8066,0.3494,0.4692
p451,12.983141,77.594416,3702,20948,0.1723,0.7891,0.2720,0.9731,0.6449
p452,12.983182,77.662435,4152,10015,0.3867,0.8886,0.7932,0.7148,0.8205
p453,12.983413,77.724919,1446,13413,0.5843,0.2905,0.6312,0.4767,0.4470
p454,12.983707,77.633809,3528,14023,0.3258,0.7507,0.6021,0.7882,0.7062
p455,12.983901,77.553201,2544,13020,0.233,0.5332,0.6500,0.9000,0.6474
p456,12.984023,77.492065,750,7136,0.3418,0.1366,0.9305,0.7689,0.5409
p457,12.984118,77.561711,2730,13563,0.1837,0.5743,0.6241,0.9594,0.6687
p458,12.98421,77.625818,3708,13992,0.2639,0.7905,0.6036,0.8628,0.7395
p459,12.984521,77.687512,1926,13509,0.789,0.3966,0.6267,0.2301,0.4438
p460,12.98733,77.718873,1422,15160,0.4523,0.2851,0.5479,0.6358,0.4473
p461,12.987499,77.733726,1392,11877,0.4648,0.2785,0.7045,0.6207,0.4960
p462,12.987582,77.678336,3168,13082,0.705,0.6711,0.6470,0.3313,0.5947
p463,12.988142,77.576979,3192,15473,0.1743,0.6764,0.5330,0.9707,0.6851
p464,12.988245,77.638147,3294,12817,0.2519,0.6989,0.6596,0.8772,0.7208
p465,12.988517,77.747151,1350,9511,0.4622,0.2692,0.8173,0.6239,0.5320
p466,12.988586,77.605664,3756,14855,0.1562,0.8011,0.5625,0.9925,0.7559
p467,12.988706,77.501218,960,6314,0.5354,0.1830,0.9697,0.5357,0.5289
p468,12.98883,77.563704,2712,14194,0.1957,0.5703,0.5940,0.9449,0.6535
p469,12.988968,77.537523,2052,12825,0.6023,0.4244,0.6593,0.4551,0.5127
p470,12.988968,77.661909,3978,10035,0.5866,0.8501,0.7923,0.4740,0.7547
p471,12.989238,77.686698,2322,14880,0.8276,0.4841,0.5613,0.1836,0.4510
p472,12.989282,77.58565,3384,20377,0.1691,0.7188,0.2992,0.9770,0.6236
p473,12.989346,77.596266,3600,21084,0.1573,0.7666,0.2655,0.9912,0.6361
p474,12.989434,77.724293,1344,14428,0.3961,0.2679,0.5828,0.7035,0.4652
p475,12.989627,77.695086,1734,13192,0.9452,0.3541,0.6418,0.0419,0.3924
p476,12.989792,77.766439,942,9491,0.2788,0.1790,0.8182,0.8448,0.5359
p477,12.990127,77.772424,732,9205,0.2164,0.1326,0.8318,0.9200,0.5348
p478,12.990419,77.573915,2994,15101,0.1746,0.6326,0.5508,0.9704,0.6715
p479,12.990533,77.66631,3984,10101,0.7365,0.8515,0.7891,0.2934,0.7180
p480,12.990966,77.70978,1446,14850,0.6188,0.2905,0.5627,0.4352,0.4147
p481,12.991175,77.644832,3072,11572,0.3597,0.6499,0.7190,0.7473,0.6936
p482,12.991368,77.629861,3468,11772,0.2155,0.7374,0.7095,0.9211,0.7644
p483,12.991381,77.474915,354,7725,0.1583,0.0491,0.9024,0.9900,0.5359
p484,12.991383,77.517538,1410,7588,0.8869,0.2825,0.9089,0.1122,0.4677
p485,12.991607,77.492916,678,6528,0.3008,0.1207,0.9595,0.8183,0.5538
p486,12.991925,77.556376,2478,13914,0.2834,0.5186,0.6073,0.8393,0.6138
p487,12.992117,77.544488,2148,12682,0.5039,0.4456,0.6661,0.5736,0.5484
p488,12.992197,77.69955,1644,11842,0.9253,0.3342,0.7061,0.0659,0.4107
p489,12.992411,77.65304,3276,10485,0.5157,0.6950,0.7708,0.5594,0.6944
p490,12.992898,77.529876,1764,9583,0.8438,0.3607,0.8138,0.1641,0.4800
p491,12.995443,77.637399,2964,11010,0.3547,0.6260,0.7458,0.7534,0.6934
p492,12.995469,77.693471,2142,13154,0.98,0.4443,0.6436,0.0000,0.4252
p493,12.995473,77.759883,1182,9550,0.2491,0.2321,0.8154,0.8806,0.5660
p494,12.995494,77.65085,2976,10266,0.568,0.6286,0.7813,0.4964,0.6556
p495,12.995619,77.589504,3378,19845,0.1676,0.7175,0.3246,0.9788,0.6322
p496,12.995666,77.726277,1248,13475,0.2623,0.2467,0.6283,0.8647,0.5038
p497,12.995996,77.644117,2712,10522,0.4749,0.5703,0.7691,0.6086,0.6475
p498,12.996002,77.609474,3480,10831,0.1568,0.7401,0.7543,0.9918,0.7954
p499,12.996104,77.48033,396,7353,0.1666,0.0584,0.9201,0.9800,0.5443
p500,12.996166,77.686027,2988,14611,0.98,0.6313,0.5741,0.0000,0.4850
p501,12.996331,77.707975,1434,13081,0.6838,0.2878,0.6471,0.3569,0.4274
p502,12.996497,77.595085,3360,17807,0.1649,0.7135,0.4217,0.9820,0.6651
p503,12.996761,77.512371,1128,6327,0.7239,0.2202,0.9691,0.3086,0.5000
p504,12.996903,77.743596,1158,8979,0.2516,0.2268,0.8426,0.8776,0.5725
p505,12.997093,77.566165,2664,15448,0.2566,0.5597,0.5342,0.8716,0.6131
p506,12.99734,77.546184,2112,11852,0.5816,0.4377,0.7056,0.4800,0.5399
p507,12.997872,77.577592,2838,15988,0.2053,0.5981,0.5085,0.9334,0.6338
p508,12.998104,77.678104,3648,11558,0.98,0.7772,0.7197,0.0000,0.6016
p509,12.998332,77.667332,3762,9742,0.98,0.8024,0.8062,0.0000,0.6433
p510,12.998415,77.658921,3216,9756,0.8459,0.6817,0.8056,0.1616,0.6210
p511,12.998536,77.490431,558,6599,0.226,0.0942,0.9561,0.9084,0.5587
p512,12.998732,77.552602,2214,12666,0.4708,0.4602,0.6668,0.6135,0.5632
p513,12.999063,77.496877,672,6238,0.3175,0.1194,0.9733,0.7982,0.5540
p514,12.999108,77.751765,1128,7977,0.2232,0.2202,0.8904,0.9118,0.5931
p515,12.999127,77.698512,1932,8804,0.9717,0.3979,0.8510,0.0100,0.4789
p516,12.999174,77.538666,1842,10227,0.7968,0.3780,0.7831,0.2207,0.4883
p517,12.999661,77.6059,3270,14636,0.1676,0.6936,0.5729,0.9788,0.7084
p518,12.999769,77.521899,1320,7870,0.8596,0.2626,0.8955,0.1451,0.4606
p519,12.99984,77.717969,1284,14017,0.3511,0.2546,0.6024,0.7577,0.4770
p520,13.000291,77.630015,3090,10934,0.2966,0.6538,0.7494,0.8234,0.7212
p521,13.000605,77.528673,1518,8864,0.9144,0.3064,0.8481,0.0790,0.4505
p522,13.000745,77.62252,3180,11003,0.2093,0.6737,0.7461,0.9286,0.7500
p523,13.00407,77.739813,990,8413,0.1796,0.1897,0.8696,0.9643,0.5826
p524,13.004136,77.683866,3474,8812,0.98,0.7387,0.8506,0.0000,0.6301
p525,13.004288,77.663055,2994,8829,0.98,0.6326,0.8498,0.0000,0.5821
p526,13.004325,77.557552,2160,12121,0.5286,0.4483,0.6928,0.5439,0.5530
p527,13.004331,77.598468,3018,14814,0.2042,0.6379,0.5644,0.9347,0.6716
p528,13.004755,77.586228,2820,22165,0.2446,0.5942,0.2140,0.8860,0.5195
p529,13.004978,77.75818,996,7612,0.1719,0.1910,0.9078,0.9736,0.5984
p530,13.005017,77.735083,1014,9123,0.1741,0.1950,0.8358,0.9710,0.5744
p531,13.005217,77.637463,2598,9143,0.5341,0.5451,0.8348,0.5372,0.6449
p532,13.005632,77.574112,2538,17935,0.363,0.5318,0.4156,0.7434,0.5335
p533,13.005813,77.708697,1494,8265,0.5361,0.3011,0.8767,0.5348,0.5493
p534,13.005977,77.719759,1134,9316,0.2747,0.2215,0.8266,0.8498,0.5589
p535,13.006435,77.642332,2346,8803,0.6923,0.4894,0.8510,0.3466,0.5874
p536,13.006467,77.481456,354,7451,0.185,0.0491,0.9155,0.9578,0.5341
p537,13.006539,77.610337,2826,11912,0.1983,0.5955,0.7028,0.9418,0.7023
p538,13.006612,77.545954,1800,9366,0.8208,0.3687,0.8242,0.1918,0.4927
p539,13.006625,77.679344,3540,7010,0.98,0.7533,0.9365,0.0000,0.6668
p540,13.006938,77.580312,2622,24012,0.3278,0.5504,0.1259,0.7858,0.4489
p541,13.00701,77.505204,732,6357,0.3523,0.1326,0.9676,0.7563,0.5496
p542,13.00719,77.561063,2124,13638,0.5619,0.4403,0.6205,0.5037,0.5161
p543,13.007362,77.773202,798,7323,0.154,0.1472,0.9216,0.9952,0.5878
p544,13.007788,77.750335,906,7526,0.1649,0.1711,0.9119,0.9820,0.5926
p545,13.007805,77.703255,1992,7757,0.6433,0.4111,0.9009,0.4057,0.5815
p546,13.008002,77.630256,2574,9788,0.3946,0.5398,0.8041,0.7053,0.6654
p547,13.008447,77.533214,1422,7851,0.9544,0.2851,0.8964,0.0308,0.4482
p548,13.008453,77.694288,3018,7753,0.8457,0.6379,0.9011,0.1618,0.6348
p549,13.008535,77.727857,1050,8894,0.1821,0.2029,0.8467,0.9613,0.5799
p550,13.008623,77.602932,2766,13500,0.2452,0.5822,0.6271,0.8853,0.6585
p551,13.008665,77.667665,2814,7652,0.98,0.5928,0.9059,0.0000,0.5838
p552,13.009012,77.514807,906,6123,0.5322,0.1711,0.9788,0.5395,0.5275
p553,13.01165,77.489195,426,7213,0.2713,0.0650,0.9268,0.8539,0.5244
p554,13.011748,77.4839,342,7568,0.2421,0.0464,0.9099,0.8890,0.5172
p555,13.011805,77.606711,2562,12031,0.2799,0.5371,0.6971,0.8435,0.6544
p556,13.011845,77.635116,2352,8443,0.5826,0.4907,0.8682,0.4788,0.6204
p557,13.011874,77.668796,2610,7208,0.8963,0.5477,0.9271,0.1008,0.5911
p558,13.01194,77.517222,900,5781,0.5602,0.1698,0.9951,0.5058,0.5258
p559,13.012207,77.69458,3138,7764,0.6829,0.6645,0.9005,0.3580,0.6858
p560,13.012332,77.70871,1746,6480,0.3875,0.3568,0.9618,0.7139,0.6399
p561,13.012371,77.67867,3132,6611,0.8233,0.6631,0.9555,0.1888,0.6706
p562,13.013339,77.564032,2040,13108,0.7169,0.4218,0.6458,0.3170,0.4792
p563,13.013822,77.643292,2112,8440,0.823,0.4377,0.8683,0.1892,0.5387
p564,13.013907,77.499974,552,6679,0.4099,0.0928,0.9523,0.6869,0.5124
p565,13.01396,77.661241,2112,8272,0.875,0.4377,0.8763,0.1265,0.5290
p566,13.014126,77.597654,2502,9706,0.3856,0.5239,0.8080,0.7161,0.6618
p567,13.014126,77.686162,3222,7050,0.7081,0.6830,0.9346,0.3276,0.7000
p568,13.014159,77.537664,1314,7898,0.98,0.2613,0.8942,0.0000,0.4305
p569,13.014343,77.530007,1128,7163,0.8875,0.2202,0.9292,0.1114,0.4466
p570,13.014506,77.611408,2376,11116,0.3028,0.4960,0.7407,0.8159,0.6456
p571,13.014543,77.581731,2370,18832,0.5082,0.4947,0.3729,0.5684,0.4668
p572,13.014912,77.726606,930,7294,0.1721,0.1764,0.9230,0.9734,0.5971
p573,13.015733,77.620427,2226,10031,0.3138,0.4629,0.7925,0.8027,0.6462
p574,13.015734,77.554622,1704,11035,0.98,0.3475,0.7446,0.0000,0.4170
p575,13.015775,77.572032,2154,14650,0.7008,0.4469,0.5723,0.3364,0.4687
p576,13.016027,77.587817,2316,10956,0.4984,0.4828,0.7484,0.5802,0.5952
p577,13.016883,77.702212,2658,7089,0.376,0.5584,0.9327,0.7277,0.7233
p578,13.017154,77.524982,942,5837,0.8167,0.1790,0.9924,0.1967,0.4673
p579,13.017168,77.508162,612,6082,0.6092,0.1061,0.9807,0.4467,0.4804
p580,13.020411,77.521215,786,5678,0.886,0.1446,1.0000,0.1133,0.4377
p581,13.020516,77.484491,324,8368,0.4182,0.0424,0.8718,0.6769,0.4596
p582,13.021325,77.715228,1578,6035,0.1944,0.3196,0.9830,0.9465,0.6772
p583,13.021362,77.692255,3060,7637,0.3659,0.6472,0.9066,0.7399,0.7565
p584,13.021991,77.569115,1884,11039,0.9306,0.3873,0.7444,0.0595,0.4467
p585,13.022029,77.642576,1836,8030,0.8858,0.3767,0.8879,0.1135,0.5029
p586,13.022044,77.49752,432,7243,0.6185,0.0663,0.9254,0.4355,0.4408
p587,13.022088,77.709486,2196,6084,0.2174,0.4562,0.9806,0.9188,0.7323
p588,13.022266,77.541115,1092,9496,0.98,0.2122,0.8180,0.0000,0.3818
p589,13.022747,77.544398,1182,10488,0.98,0.2321,0.7707,0.0000,0.3742
p590,13.022768,77.588379,2112,8860,0.7666,0.4377,0.8483,0.2571,0.5453
p591,13.022826,77.597644,2118,8470,0.7546,0.4390,0.8669,0.2716,0.5553
p592,13.023004,77.563262,1662,10874,0.98,0.3382,0.7523,0.0000,0.4155
p593,13.023068,77.578153,2046,11391,0.816,0.4231,0.7276,0.1976,0.4846
p594,13.023195,77.5296,864,6702,0.98,0.1618,0.9512,0.0000,0.4057
p595,13.023217,77.512632,606,6091,0.8442,0.1048,0.9803,0.1636,0.4230
p596,13.023369,77.609373,2040,10585,0.6081,0.4218,0.7661,0.4481,0.5475
p597,13.023476,77.65313,1782,7725,0.8096,0.3647,0.9024,0.2053,0.5210
p598,13.023586,77.661138,1692,7339,0.6033,0.3448,0.9208,0.4539,0.5682
p599,13.023603,77.724121,1026,6608,0.1603,0.1976,0.9557,0.9876,0.6209
p600,13.024023,77.506395,510,6376,0.7849,0.0836,0.9667,0.2351,0.4230
p601,13.024129,77.666871,1692,7487,0.5069,0.3448,0.9138,0.5700,0.5890
p602,13.024417,77.627057,1818,9230,0.6376,0.3727,0.8307,0.4125,0.5409
p603,13.024506,77.621047,1908,9255,0.5613,0.3926,0.8295,0.5045,0.5679
p604,13.02467,77.553814,1326,12030,0.98,0.2639,0.6972,0.0000,0.3628
p605,13.024884,77.633743,1764,8837,0.7698,0.3607,0.8494,0.2533,0.5103
p606,13.024946,77.682593,2274,7308,0.3417,0.4735,0.9223,0.7690,0.6897
p607,13.027901,77.507411,474,6449,0.8723,0.0756,0.9632,0.1298,0.3971
p608,13.02793,77.593961,1950,10505,0.98,0.4019,0.7699,0.0000,0.4503
p609,13.027942,77.711942,2214,6317,0.1707,0.4602,0.9695,0.9751,0.7414
p610,13.029362,77.556945,1272,9906,0.98,0.2520,0.7984,0.0000,0.3928
p611,13.02951,77.563438,1446,9331,0.98,0.2905,0.8258,0.0000,0.4197
p612,13.029602,77.5687,1608,10502,0.98,0.3263,0.7700,0.0000,0.4163
p613,13.029639,77.602981,1902,13172,0.98,0.3912,0.6427,0.0000,0.4010
p614,13.029665,77.64601,1554,9579,0.8665,0.3143,0.8140,0.1367,0.4537
p615,13.030112,77.653875,1554,7360,0.6908,0.3143,0.9198,0.3484,0.5331
p616,13.030113,77.530058,696,7009,0.98,0.1247,0.9365,0.0000,0.3839
p617,13.030495,77.628921,1626,9392,0.8521,0.3302,0.8229,0.1541,0.4675
p618,13.030943,77.53988,828,9038,0.98,0.1538,0.8398,0.0000,0.3632
p619,13.031002,77.724774,1278,7084,0.1525,0.2533,0.9330,0.9970,0.6399
p620,13.03122,77.491683,312,9862,0.8097,0.0398,0.8005,0.2052,0.3391
p621,13.031317,77.719241,1734,6728,0.1551,0.3541,0.9499,0.9939,0.6906
p622,13.031578,77.61436,1776,10140,0.8909,0.3634,0.7873,0.1073,0.4605
p623,13.031654,77.578701,1860,10709,0.9719,0.3820,0.7601,0.0098,0.4399
p624,13.031872,77.588358,1968,12650,0.98,0.4058,0.6676,0.0000,0.4163
p625,13.031876,77.667654,1398,7540,0.3187,0.2798,0.9112,0.7967,0.6042
p626,13.032285,77.620926,1740,9411,0.8663,0.3554,0.8220,0.1370,0.4751
p627,13.032299,77.525729,594,6523,0.9199,0.1021,0.9597,0.0724,0.3963
p628,13.0325,77.659462,1452,7281,0.4953,0.2918,0.9236,0.5840,0.5713
p629,13.032823,77.63651,1500,10149,0.9121,0.3024,0.7868,0.0818,0.4278
p630,13.033317,77.495774,336,9745,0.8768,0.0451,0.8061,0.1243,0.3273
p631,13.035888,77.541551,726,8611,0.8747,0.1313,0.8602,0.1269,0.3855
p632,13.036127,77.563517,1212,9139,0.98,0.2387,0.8350,0.0000,0.3997
p633,13.036532,77.610012,1728,11826,0.98,0.3528,0.7069,0.0000,0.4062
p634,13.036677,77.500708,348,9262,0.8953,0.0477,0.8291,0.1020,0.3321
p635,13.036957,77.594534,1836,15799,0.98,0.3767,0.5175,0.0000,0.3506
p636,13.037036,77.635451,1398,10049,0.9222,0.2798,0.7916,0.0696,0.4169
p637,13.037253,77.658169,1278,7662,0.4525,0.2533,0.9054,0.6355,0.5580
p638,13.037417,77.617352,1686,11109,0.98,0.3435,0.7411,0.0000,0.4140
p639,13.037671,77.642368,1266,9936,0.8418,0.2507,0.7970,0.1665,0.4250
p640,13.037675,77.603566,1758,14862,0.98,0.3594,0.5621,0.0000,0.3585
p641,13.03838,77.674703,1188,8159,0.1911,0.2334,0.8817,0.9505,0.6037
p642,13.03914,77.578535,1620,10679,0.8955,0.3289,0.7616,0.1018,0.4349
p643,13.039397,77.62828,1446,10691,0.98,0.2905,0.7610,0.0000,0.3971
p644,13.039601,77.570437,1326,10103,0.8923,0.2639,0.7890,0.1057,0.4161
p645,13.039702,77.512718,390,6898,0.7589,0.0570,0.9418,0.2664,0.4086
p646,13.039761,77.547735,726,8397,0.7931,0.1313,0.8704,0.2252,0.4088
p647,13.039859,77.651271,1134,8742,0.5957,0.2215,0.8539,0.4630,0.4911
p648,13.039912,77.531127,522,7956,0.6823,0.0862,0.8914,0.3587,0.4225
p649,13.039973,77.52267,450,6911,0.6696,0.0703,0.9412,0.3740,0.4359
p650,13.040527,77.509184,366,7491,0.7734,0.0517,0.9136,0.2489,0.3928
p651,13.040923,77.586684,1770,12289,0.9754,0.3621,0.6848,0.0055,0.4037
p652,13.041102,77.483718,222,10931,0.899,0.0199,0.7496,0.0976,0.2908
p653,13.044137,77.49846,288,10749,0.7909,0.0345,0.7582,0.2278,0.3265
p654,13.04436,77.658382,1008,8568,0.3478,0.1936,0.8622,0.7617,0.5412
p655,13.044407,77.622543,1440,11422,0.98,0.2891,0.7262,0.0000,0.3843
p656,13.044549,77.532801,474,8311,0.5186,0.0756,0.8745,0.5559,0.4513
p657,13.044933,77.516319,366,7399,0.5573,0.0517,0.9179,0.5093,0.4464
p658,13.044964,77.655085,978,8872,0.4085,0.1870,0.8477,0.6886,0.5186
p659,13.045304,77.612922,1542,11407,0.98,0.3117,0.7269,0.0000,0.3947
p660,13.045958,77.50648,312,9076,0.6476,0.0398,0.8380,0.4005,0.3913
p661,13.046113,77.676768,984,8667,0.1634,0.1883,0.8575,0.9839,0.5816
p662,13.046141,77.578697,1392,9919,0.6665,0.2785,0.7978,0.3777,0.4801
p663,13.046309,77.564085,912,9507,0.6764,0.1724,0.8174,0.3658,0.4369
p664,13.046986,77.554738,672,8708,0.5747,0.1194,0.8555,0.4883,0.4508
p665,13.047072,77.574187,1176,9849,0.6226,0.2308,0.8011,0.4306,0.4704
p666,13.047112,77.646226,942,9965,0.5329,0.1790,0.7956,0.5387,0.4668
p667,13.047221,77.628124,1296,11222,0.9025,0.2573,0.7357,0.0934,0.3919
p668,13.047323,77.63609,1128,10909,0.7097,0.2202,0.7506,0.3257,0.4269
p669,13.047392,77.520787,366,7689,0.4331,0.0517,0.9041,0.6589,0.4715
p670,13.047647,77.548858,564,8404,0.486,0.0955,0.8700,0.5952,0.4665
p671,13.047708,77.682578,942,8766,0.1537,0.1790,0.8528,0.9955,0.5782
p672,13.048412,77.595433,1644,11330,0.781,0.3342,0.7305,0.2398,0.4540
p673,13.048429,77.604152,1614,11866,0.8819,0.3276,0.7050,0.1182,0.4178
p674,13.048483,77.538113,444,8427,0.404,0.0690,0.8689,0.6940,0.4740
p675,13.04858,77.588216,1590,9677,0.6723,0.3223,0.8093,0.3707,0.5024
p676,13.048581,77.670239,900,8804,0.1808,0.1698,0.8510,0.9629,0.5668
p677,13.052154,77.564655,756,9405,0.4488,0.1379,0.8223,0.6400,0.4779
p678,13.052826,77.552872,528,8637,0.3549,0.0875,0.8589,0.7531,0.4906
p679,13.053084,77.612053,1422,11181,0.7687,0.2851,0.7376,0.2546,0.4374
p680,13.05408,77.626418,1140,11374,0.7013,0.2228,0.7284,0.3358,0.4224
p681,13.054235,77.506028,270,9580,0.4093,0.0305,0.8140,0.6876,0.4361
p682,13.054246,77.533407,360,8424,0.2691,0.0504,0.8691,0.8565,0.4982
p683,13.054301,77.497569,240,10653,0.5025,0.0239,0.7628,0.5753,0.3928
p684,13.054651,77.597438,1488,10869,0.5141,0.2997,0.7525,0.5613,0.5105
p685,13.054758,77.521132,306,8273,0.2711,0.0385,0.8763,0.8541,0.4948
p686,13.054825,77.571141,834,9454,0.3644,0.1552,0.8200,0.7417,0.5052
p687,13.055156,77.515721,288,8452,0.3018,0.0345,0.8677,0.8171,0.4827
p688,13.055162,77.659846,630,9586,0.2134,0.1101,0.8137,0.9236,0.5190
p689,13.055195,77.619817,1236,11263,0.7392,0.2440,0.7337,0.2901,0.4246
p690,13.055492,77.603479,1464,11224,0.5475,0.2944,0.7356,0.5211,0.4942
p691,13.055493,77.636742,918,11300,0.4486,0.1737,0.7320,0.6402,0.4624
p692,13.055707,77.587223,1242,9030,0.3884,0.2454,0.8402,0.7128,0.5470
p693,13.056828,77.53714,354,8399,0.2325,0.0491,0.8703,0.9006,0.5068
p694,13.056866,77.642907,774,10918,0.3335,0.1419,0.7502,0.7789,0.4822
p695,13.05768,77.577245,906,9382,0.3005,0.1711,0.8234,0.8187,0.5289
p696,13.057721,77.548164,408,8321,0.2354,0.0610,0.8740,0.8971,0.5128
p697,13.060644,77.593788,1212,11507,0.303,0.2387,0.7221,0.8157,0.5233
p698,13.060916,77.529758,288,8326,0.1905,0.0345,0.8738,0.9512,0.5116
p699,13.061115,77.660026,498,9912,0.1776,0.0809,0.7981,0.9667,0.5091
p700,13.061361,77.637629,774,11196,0.3026,0.1419,0.7369,0.8161,0.4850
p701,13.061646,77.572638,696,9392,0.2283,0.1247,0.8229,0.9057,0.5253
p702,13.062122,77.645207,636,10748,0.2323,0.1114,0.7583,0.9008,0.4957
p703,13.062661,77.62898,930,11335,0.3727,0.1764,0.7303,0.7317,0.4813
p704,13.062698,77.565145,564,8839,0.21,0.0955,0.8493,0.9277,0.5258
p705,13.062914,77.581297,828,9402,0.2241,0.1538,0.8225,0.9107,0.5392
p706,13.062977,77.614799,1230,10681,0.4049,0.2427,0.7615,0.6929,0.5143
p707,13.06352,77.553322,396,7302,0.1853,0.0584,0.9226,0.9575,0.5407
p708,13.063705,77.505491,216,9445,0.2348,0.0186,0.8204,0.8978,0.4751
p709,13.064449,77.650323,540,10429,0.1892,0.0902,0.7735,0.9528,0.5019
p710,13.064533,77.618614,1122,11076,0.3748,0.2188,0.7426,0.7292,0.5042
p711,13.064993,77.52164,234,8468,0.1742,0.0225,0.8670,0.9708,0.5078
p712,13.065029,77.536346,282,7851,0.169,0.0332,0.8964,0.9771,0.5241
p713,13.065053,77.586809,876,9976,0.2106,0.1645,0.7951,0.9270,0.5377
p714,13.06546,77.601939,1200,11616,0.2604,0.2361,0.7169,0.8670,0.5305
p715,13.068786,77.517286,210,8625,0.1666,0.0172,0.8595,0.9800,0.5046
p716,13.069183,77.617685,1104,9536,0.2682,0.2149,0.8161,0.8576,0.5538
p717,13.06936,77.503999,186,9364,0.1889,0.0119,0.8243,0.9531,0.4845
p718,13.069509,77.497371,174,9731,0.2084,0.0093,0.8068,0.9296,0.4725
p719,13.069701,77.579413,636,9484,0.1709,0.1114,0.8185,0.9748,0.5316
p720,13.070151,77.633806,732,10837,0.212,0.1326,0.7540,0.9253,0.5087
p721,13.070686,77.606187,1068,11496,0.211,0.2069,0.7226,0.9265,0.5313
p722,13.071475,77.566049,456,7696,0.1598,0.0716,0.9038,0.9882,0.5462
p723,13.071987,77.557567,360,6308,0.1564,0.0504,0.9700,0.9923,0.5606
p724,13.071988,77.524802,210,8198,0.1547,0.0172,0.8799,0.9943,0.5146
p725,13.07228,77.536945,240,7173,0.1539,0.0239,0.9287,0.9953,0.5349
p726,13.07263,77.610999,1044,10858,0.2067,0.2016,0.7530,0.9317,0.5406
p727,13.072671,77.627535,840,10483,0.2097,0.1565,0.7709,0.9281,0.5259
p728,13.073121,77.545102,270,6425,0.1533,0.0305,0.9644,0.9960,0.5505
p729,13.073345,77.572609,510,8956,0.1578,0.0836,0.8437,0.9906,0.5310
p730,13.073573,77.588487,696,10532,0.1633,0.1247,0.7686,0.9840,0.5219
p731,13.076608,77.626035,870,10239,0.1818,0.1631,0.7826,0.9617,0.5396
p732,13.076683,77.621732,960,9977,0.1843,0.1830,0.7950,0.9587,0.5524
p733,13.076821,77.506471,162,9040,0.1581,0.0066,0.8397,0.9902,0.4949
p734,13.076846,77.556053,324,6208,0.1518,0.0424,0.9747,0.9978,0.5598
p735,13.077366,77.520288,180,8366,0.1521,0.0106,0.8718,0.9975,0.5094
p736,13.07746,77.572746,462,8598,0.153,0.0729,0.8608,0.9964,0.5334
p737,13.07811,77.595992,708,11010,0.1585,0.1273,0.7458,0.9898,0.5163
p738,13.078964,77.64541,444,10101,0.1544,0.0690,0.7891,0.9947,0.5062
p739,13.079727,77.579539,498,9125,0.1522,0.0809,0.8357,0.9973,0.5284
p740,13.079941,77.546402,252,6308,0.1505,0.0265,0.9700,0.9994,0.5513
p741,13.080311,77.541348,228,6580,0.1505,0.0212,0.9570,0.9994,0.5444
p742,13.080941,77.637249,612,10164,0.1569,0.1061,0.7861,0.9917,0.5212
p743,13.081095,77.603613,726,10829,0.1575,0.1313,0.7544,0.9910,0.5213
p744,13.082011,77.609375,768,10618,0.1589,0.1406,0.7645,0.9893,0.5287
p745,13.084491,77.610501,714,10426,0.1555,0.1286,0.7736,0.9934,0.5273
p746,13.08497,77.53186,186,7473,0.1501,0.0119,0.9144,0.9999,0.5254
p747,13.085008,77.627417,804,10304,0.1554,0.1485,0.7795,0.9935,0.5384
p748,13.085131,77.620271,786,10418,0.156,0.1446,0.7740,0.9928,0.5345
p749,13.085486,77.587699,510,8955,0.1508,0.0836,0.8438,0.9990,0.5327
p750,13.085708,77.645933,426,10051,0.1509,0.0650,0.7915,0.9989,0.5061
p751,13.086801,77.573984,396,8010,0.1503,0.0584,0.8888,0.9996,0.5373
p752,13.087927,77.576978,414,7918,0.1502,0.0623,0.8932,0.9998,0.5406
p753,13.088093,77.563531,330,7121,0.1501,0.0438,0.9312,0.9999,0.5456
p754,13.088391,77.553634,264,6523,0.1501,0.0292,0.9597,0.9999,0.5490
p755,13.088781,77.636525,630,10079,0.1512,0.1101,0.7902,0.9986,0.5258
p756,13.088902,77.603037,558,10249,0.1512,0.0942,0.7821,0.9986,0.5158
p757,13.089043,77.548745,240,6599,0.15,0.0239,0.9561,1.0000,0.5454
p758,13.089494,77.538625,198,7103,0.15,0.0146,0.9321,1.0000,0.5328
p759,13.089853,77.596521,522,9472,0.1505,0.0862,0.8191,0.9994,0.5254
p760,13.093529,77.566066,330,7671,0.15,0.0438,0.9050,1.0000,0.5364
p761,13.093964,77.611021,516,10063,0.1505,0.0849,0.7909,0.9994,0.5149
p762,13.095818,77.633494,612,10093,0.1502,0.1061,0.7895,0.9998,0.5240
p763,13.095851,77.622322,546,10131,0.1504,0.0915,0.7877,0.9995,0.5168
p764,13.09592,77.62621,576,10136,0.1503,0.0981,0.7875,0.9996,0.5197
p765,13.097311,77.594548,456,8499,0.1501,0.0716,0.8655,0.9999,0.5351
p766,13.098123,77.641792,534,10055,0.1501,0.0889,0.7913,0.9999,0.5169
p767,13.09821,77.588219,432,7810,0.15,0.0663,0.8984,1.0000,0.5443
p768,13.101024,77.603022,438,8618,0.15,0.0676,0.8598,1.0000,0.5314
p769,13.101361,77.62129,444,9885,0.1501,0.0690,0.7994,0.9999,0.5108
p770,13.102665,77.586381,396,7719,0.15,0.0584,0.9027,1.0000,0.5422
p771,13.103422,77.612151,402,9292,0.15,0.0597,0.8277,1.0000,0.5166
p772,13.104511,77.628386,420,9920,0.15,0.0637,0.7978,1.0000,0.5079
p773,13.104522,77.594536,402,8492,0.15,0.0597,0.8658,1.0000,0.5299
p774,13.104889,77.578043,354,7582,0.15,0.0491,0.9092,1.0000,0.5403
p775,13.10599,77.563854,276,7924,0.15,0.0318,0.8929,1.0000,0.5268
p776,13.108962,77.570462,294,7863,0.15,0.0358,0.8958,1.0000,0.5297
p777,13.109811,77.563754,264,8013,0.15,0.0292,0.8887,1.0000,0.5242
p778,13.110475,77.598184,366,8532,0.15,0.0517,0.8639,1.0000,0.5257
p779,13.110643,77.637465,372,9837,0.15,0.0531,0.8017,1.0000,0.5045
p780,13.110715,77.578879,330,7847,0.15,0.0438,0.8966,1.0000,0.5335
p781,13.111059,77.603897,366,8675,0.15,0.0517,0.8571,1.0000,0.5233
p782,13.111826,77.585787,342,8113,0.15,0.0464,0.8839,1.0000,0.5303
p783,13.112952,77.630897,306,9669,0.15,0.0385,0.8097,1.0000,0.5007
p784,13.117017,77.633479,276,9541,0.15,0.0318,0.8158,1.0000,0.4999
p785,13.117104,77.61385,312,9018,0.15,0.0398,0.8408,1.0000,0.5122
p786,13.117641,77.59402,336,8484,0.15,0.0451,0.8662,1.0000,0.5235
p787,13.11903,77.604205,318,8705,0.15,0.0411,0.8557,1.0000,0.5180
p788,13.119187,77.57385,276,8123,0.15,0.0318,0.8834,1.0000,0.5235
p789,13.119215,77.579916,294,8174,0.15,0.0358,0.8810,1.0000,0.5245
p790,13.120036,77.627993,264,9242,0.15,0.0292,0.8301,1.0000,0.5037
p791,13.120892,77.589147,312,8378,0.15,0.0398,0.8713,1.0000,0.5229
p792,13.121597,77.618988,276,8918,0.15,0.0318,0.8455,1.0000,0.5103
p793,13.125398,77.597608,294,8463,0.15,0.0358,0.8672,1.0000,0.5196
p794,13.125611,77.587476,288,8293,0.15,0.0345,0.8753,1.0000,0.5219
p795,13.126732,77.611221,270,8425,0.15,0.0305,0.8690,1.0000,0.5179
p796,13.127945,77.571682,246,7942,0.15,0.0252,0.8921,1.0000,0.5236
p797,13.12809,77.581053,270,8083,0.15,0.0305,0.8853,1.0000,0.5236
p798,13.130201,77.603784,270,8188,0.15,0.0305,0.8803,1.0000,0.5218
p799,13.133836,77.572987,228,7687,0.15,0.0212,0.9042,1.0000,0.5260
p800,13.137061,77.579924,228,7667,0.15,0.0212,0.9052,1.0000,0.5264
