point_id,latitude,longitude,traffic_index,corridor_field,hotspot_bonus,nearest_hotspot,nearest_hotspot_km
p001,12.838457,77.585393,0.8994,0.9992,0.0,Silk Board Junction,9.606
p002,12.843866,77.574269,0.6841,0.7121,0.0,Silk Board Junction,9.668
p003,12.843934,77.58242,0.8776,0.9702,0.0,Silk Board Junction,9.21
p004,12.844312,77.525171,0.1501,0.0001,0.0,Silk Board Junction,13.309
p005,12.844982,77.536947,0.1517,0.0023,0.0,Silk Board Junction,12.268
p006,12.845021,77.589594,0.8772,0.9696,0.0,Silk Board Junction,8.756
p007,12.846004,77.532007,0.1504,0.0006,0.0,Silk Board Junction,12.609
p008,12.846049,77.56128,0.3047,0.2063,0.0,Silk Board Junction,10.317
p009,12.847046,77.557977,0.2465,0.1286,0.0,Silk Board Junction,10.47
p010,12.849729,77.537358,0.1515,0.002,0.0,Silk Board Junction,11.898
p011,12.850267,77.585038,0.8918,0.9891,0.0,Silk Board Junction,8.459
p012,12.85098,77.555053,0.2048,0.0731,0.0,Silk Board Junction,10.374
p013,12.851118,77.573334,0.609,0.6119,0.0,Silk Board Junction,9.066
p014,12.851677,77.596333,0.7632,0.8176,0.0,Silk Board Junction,7.793
p015,12.852429,77.580368,0.8087,0.8782,0.0,Silk Board Junction,8.514
p016,12.852439,77.520834,0.15,0.0,0.0,Silk Board Junction,13.177
p017,12.854288,77.549111,0.1668,0.0225,0.0,Silk Board Junction,10.597
p018,12.854392,77.533151,0.1504,0.0005,0.0,Silk Board Junction,11.95
p019,12.85477,77.56456,0.3376,0.2501,0.0,Silk Board Junction,9.358
p020,12.857865,77.54838,0.1627,0.0169,0.0,Silk Board Junction,10.403
p021,12.85839,77.610632,0.3731,0.2975,0.0,Silk Board Junction,6.635
p022,12.858692,77.601618,0.6445,0.6593,0.0,Silk Board Junction,6.865
p023,12.858703,77.629219,0.3315,0.242,0.0,Silk Board Junction,6.506
p024,12.859406,77.654133,0.9,1.0,0.0,Silk Board Junction,7.238
p025,12.859544,77.659242,0.8571,0.9428,0.0,Sarjapur / Iblur Signal,7.341
p026,12.859679,77.645785,0.7943,0.8591,0.0,Silk Board Junction,6.832
p027,12.860541,77.589659,0.8995,0.9993,0.0,Silk Board Junction,7.223
p028,12.860696,77.573115,0.5418,0.5224,0.0,Silk Board Junction,8.251
p029,12.860908,77.553542,0.1804,0.0405,0.0,Silk Board Junction,9.756
p030,12.861785,77.561826,0.2606,0.1475,0.0,Silk Board Junction,9.016
p031,12.862248,77.621591,0.2339,0.1119,0.0,Silk Board Junction,6.078
p032,12.862431,77.597935,0.7767,0.8357,0.0,Silk Board Junction,6.63
p033,12.862805,77.580574,0.7615,0.8153,0.0,Silk Board Junction,7.56
p034,12.863321,77.529636,0.1514,0.0019,0.0,Dairy Circle,11.718
p035,12.866496,77.53844,0.1571,0.0095,0.0,Silk Board Junction,10.732
p036,12.866723,77.635544,0.5891,0.5854,0.0,Silk Board Junction,5.75
p037,12.867414,77.564692,0.2903,0.1871,0.0,Silk Board Junction,8.369
p038,12.867708,77.589976,0.8991,0.9989,0.0,Silk Board Junction,6.529
p039,12.867802,77.594033,0.8794,0.9725,0.0,Silk Board Junction,6.291
p040,12.868052,77.61046,0.4365,0.3819,0.0,Silk Board Junction,5.597
p041,12.868797,77.65804,0.8033,0.871,0.0,Sarjapur / Iblur Signal,6.336
p042,12.869103,77.545312,0.1686,0.0248,0.0,Silk Board Junction,9.947
p043,12.869146,77.570581,0.417,0.356,0.0,Silk Board Junction,7.767
p044,12.869454,77.641777,0.7978,0.8637,0.0,Silk Board Junction,5.667
p045,12.869697,77.530117,0.1557,0.0076,0.0,Dairy Circle,11.168
p046,12.869927,77.628709,0.4315,0.3753,0.0,Silk Board Junction,5.266
p047,12.870436,77.554156,0.1792,0.0389,0.0,Silk Board Junction,9.066
p048,12.870735,77.651115,0.8948,0.993,0.0,Silk Board Junction,5.986
p049,12.8708,77.582409,0.7638,0.8184,0.0,Silk Board Junction,6.747
p050,12.871141,77.606271,0.5867,0.5823,0.0,Silk Board Junction,5.399
p051,12.871405,77.669618,0.4425,0.39,0.0,Sarjapur / Iblur Signal,6.025
p052,12.874125,77.573496,0.4652,0.4202,0.0,Silk Board Junction,7.162
p053,12.874376,77.498666,0.15,0.0,0.0,Dairy Circle,13.475
p054,12.874392,77.605686,0.6306,0.6408,0.0,Silk Board Junction,5.084
p055,12.874404,77.564864,0.2667,0.1556,0.0,Silk Board Junction,7.867
p056,12.874856,77.536489,0.1785,0.038,0.0,Dairy Circle,10.277
p057,12.874902,77.611437,0.4559,0.4078,0.0,Silk Board Junction,4.837
p058,12.875316,77.513276,0.151,0.0013,0.0,Dairy Circle,12.124
p059,12.875513,77.54891,0.216,0.088,0.0,Silk Board Junction,9.246
p060,12.875638,77.556653,0.2213,0.0951,0.0,Silk Board Junction,8.521
p061,12.876052,77.630188,0.5472,0.5296,0.0,Silk Board Junction,4.62
p062,12.876497,77.528731,0.1655,0.0207,0.0,Dairy Circle,10.753
p063,12.877391,77.597946,0.856,0.9413,0.0,Silk Board Junction,5.162
p064,12.877626,77.577732,0.5693,0.559,0.0,Silk Board Junction,6.561
p065,12.877658,77.488511,0.15,0.0,0.0,Dairy Circle,14.219
p066,12.877812,77.649998,0.8779,0.9705,0.0,Silk Board Junction,5.261
p067,12.877968,77.504439,0.1503,0.0004,0.0,Dairy Circle,12.733
p068,12.878383,77.642206,0.8752,0.967,0.0,Silk Board Junction,4.781
p069,12.8784,77.637144,0.7777,0.837,0.0,Silk Board Junction,4.564
p070,12.879007,77.484301,0.15,0.0,0.0,Dairy Circle,14.544
p071,12.879321,77.618806,0.3105,0.2139,0.0,Silk Board Junction,4.211
p072,12.879471,77.521743,0.1586,0.0114,0.0,Dairy Circle,11.118
p073,12.88248,77.588291,0.8372,0.9162,0.0,Silk Board Junction,5.362
p074,12.882547,77.571003,0.3468,0.2624,0.0,Silk Board Junction,6.801
p075,12.883228,77.523713,0.1697,0.0263,0.0,Dairy Circle,10.694
p076,12.884025,77.617573,0.3538,0.2712,0.0004,Silk Board Junction,3.712
p077,12.884252,77.529497,0.1986,0.0648,0.0,Dairy Circle,10.131
p078,12.8845,77.553138,0.389,0.3186,0.0,Dairy Circle,8.278
p079,12.884506,77.549222,0.3757,0.3009,0.0,Dairy Circle,8.555
p080,12.884568,77.540808,0.303,0.2041,0.0,Dairy Circle,9.186
p081,12.884648,77.645291,0.8942,0.9923,0.0,Silk Board Junction,4.348
p082,12.884753,77.505231,0.1511,0.0015,0.0,Dairy Circle,12.258
p083,12.884785,77.56427,0.3887,0.3183,0.0,Silk Board Junction,7.291
p084,12.885124,77.576766,0.483,0.444,0.0,Silk Board Junction,6.125
p085,12.885141,77.636979,0.838,0.917,0.0002,Silk Board Junction,3.864
p086,12.885475,77.594692,0.8999,0.9998,0.0,Silk Board Junction,4.648
p087,12.885613,77.480455,0.15,0.0,0.0,Hudson Circle,14.436
p088,12.885772,77.614554,0.4427,0.3895,0.0006,Silk Board Junction,3.588
p089,12.88627,77.659022,0.5654,0.5539,0.0,Sarjapur / Iblur Signal,4.406
p090,12.886778,77.492495,0.1501,0.0002,0.0,Dairy Circle,13.356
p091,12.886895,77.496189,0.1503,0.0004,0.0,Dairy Circle,12.995
p092,12.887466,77.51225,0.1563,0.0084,0.0,Dairy Circle,11.452
p093,12.890719,77.627362,0.7071,0.7372,0.0043,Silk Board Junction,2.97
p094,12.890793,77.489862,0.1502,0.0002,0.0,Hudson Circle,13.289
p095,12.891686,77.662569,0.4019,0.3357,0.0001,Sarjapur / Iblur Signal,3.77
p096,12.892023,77.596777,0.9,0.9999,0.0001,Silk Board Junction,3.965
p097,12.892405,77.548334,0.5981,0.5975,0.0,Dairy Circle,7.998
p098,12.892633,77.537021,0.3862,0.3149,0.0,Dairy Circle,8.915
p099,12.892789,77.636701,0.8966,0.9915,0.0029,Silk Board Junction,3.092
p100,12.892803,77.466247,0.15,0.0,0.0,Hudson Circle,15.183
p101,12.892923,77.506046,0.1553,0.0071,0.0,Dairy Circle,11.739
p102,12.893345,77.483707,0.1501,0.0001,0.0,Hudson Circle,13.621
p103,12.89347,77.50077,0.1523,0.0031,0.0,Hudson Circle,12.217
p104,12.893604,77.586513,0.7232,0.7643,0.0,Silk Board Junction,4.723
p105,12.893652,77.577904,0.6542,0.6723,0.0,Silk Board Junction,5.523
p106,12.893848,77.643932,0.8561,0.9402,0.0009,Silk Board Junction,3.453
p107,12.894002,77.619093,0.5482,0.5149,0.012,Silk Board Junction,2.596
p108,12.894042,77.565445,0.6798,0.7064,0.0,Dairy Circle,6.622
p109,12.894101,77.573969,0.673,0.6974,0.0,Silk Board Junction,5.881
p110,12.894305,77.654436,0.5995,0.599,0.0002,Sarjapur / Iblur Signal,3.652
p111,12.894309,77.55416,0.6997,0.733,0.0,Dairy Circle,7.399
p112,12.894388,77.521616,0.2098,0.0798,0.0,Dairy Circle,10.186
p113,12.894648,77.668829,0.2723,0.1626,0.0004,Sarjapur / Iblur Signal,3.46
p114,12.895499,77.612022,0.6009,0.5879,0.0099,Silk Board Junction,2.669
p115,12.895529,77.533668,0.3747,0.2996,0.0,Dairy Circle,9.019
p116,12.895619,77.517158,0.1898,0.0531,0.0,Dairy Circle,10.536
p117,12.895629,77.604751,0.8097,0.8756,0.003,Silk Board Junction,3.086
p118,12.898453,77.590152,0.7927,0.8568,0.0001,Silk Board Junction,4.104
p119,12.898902,77.555776,0.8267,0.9023,0.0,Dairy Circle,6.918
p120,12.899036,77.578594,0.8132,0.8842,0.0,Silk Board Junction,5.199
p121,12.899171,77.523936,0.2767,0.1689,0.0,Dairy Circle,9.702
p122,12.899208,77.625752,0.8444,0.8645,0.046,Silk Board Junction,2.015
p123,12.899225,77.52915,0.3562,0.275,0.0,Dairy Circle,9.21
p124,12.899404,77.670133,0.3771,0.3003,0.0019,Sarjapur / Iblur Signal,2.963
p125,12.899419,77.650875,0.6081,0.6092,0.0012,Sarjapur / Iblur Signal,3.28
p126,12.89959,77.466884,0.15,0.0,0.0,Hudson Circle,14.716
p127,12.899611,77.562439,0.8377,0.9169,0.0,Dairy Circle,6.355
p128,12.899967,77.618512,0.6791,0.6373,0.0511,Silk Board Junction,1.961
p129,12.900047,77.659811,0.3731,0.2944,0.0023,Sarjapur / Iblur Signal,2.89
p130,12.900195,77.61361,0.6411,0.6063,0.0364,Silk Board Junction,2.128
p131,12.900595,77.547521,0.7896,0.8528,0.0,Dairy Circle,7.476
p132,12.900946,77.604312,0.8264,0.8895,0.0093,Silk Board Junction,2.693
p133,12.901029,77.635823,0.9182,0.9895,0.0261,Silk Board Junction,2.279
p134,12.901079,77.538404,0.5943,0.5924,0.0,Dairy Circle,8.25
p135,12.901173,77.679616,0.5509,0.5332,0.0011,Sarjapur / Iblur Signal,3.147
p136,12.90121,77.642086,0.8091,0.8675,0.0084,Silk Board Junction,2.739
p137,12.901586,77.508266,0.1758,0.0344,0.0,Hudson Circle,11.009
p138,12.901656,77.596718,0.9005,0.9987,0.0015,Silk Board Junction,3.31
p139,12.90216,77.491337,0.1519,0.0025,0.0,Hudson Circle,12.369
p140,12.902189,77.569543,0.8782,0.9709,0.0,Dairy Circle,5.637
p141,12.902446,77.498864,0.1571,0.0095,0.0,Hudson Circle,11.71
p142,12.902593,77.476399,0.1501,0.0001,0.0,Hudson Circle,13.667
p143,12.902871,77.484733,0.1506,0.0008,0.0,Hudson Circle,12.901
p144,12.903633,77.513633,0.2155,0.0873,0.0,Hudson Circle,10.433
p145,12.906361,77.572483,0.8988,0.9983,0.0,Dairy Circle,5.078
p146,12.906636,77.467166,0.15,0.0,0.0,Gokaldas Images Junction,14.268
p147,12.906677,77.606327,0.8817,0.9275,0.0361,Silk Board Junction,2.132
p148,12.906761,77.528473,0.487,0.4494,0.0,Dairy Circle,8.877
p149,12.906867,77.613627,0.9125,0.8685,0.1111,Silk Board Junction,1.515
p150,12.906964,77.706394,0.8846,0.9795,0.0,Sarjapur / Iblur Signal,4.955
p151,12.907038,77.651882,0.5597,0.5358,0.0079,Sarjapur / Iblur Signal,2.5
p152,12.907732,77.554665,0.889,0.9853,0.0,Dairy Circle,6.382
p153,12.907974,77.617755,0.9768,0.8636,0.1791,Silk Board Junction,1.158
p154,12.908381,77.695548,0.8945,0.9926,0.0001,Sarjapur / Iblur Signal,3.837
p155,12.908505,77.637211,0.8675,0.8697,0.0652,Silk Board Junction,1.835
p156,12.90867,77.480154,0.1507,0.0009,0.0,Hudson Circle,12.963
p157,12.908869,77.521946,0.3916,0.3221,0.0,Hudson Circle,9.388
p158,12.908953,77.64459,0.6803,0.6851,0.0165,Silk Board Junction,2.534
p159,12.909298,77.580402,0.8759,0.9678,0.0,Dairy Circle,4.309
p160,12.909314,77.49165,0.1564,0.0085,0.0,Hudson Circle,11.878
p161,12.909525,77.545656,0.8828,0.9771,0.0,Dairy Circle,7.089
p162,12.909585,77.596939,0.9049,0.9998,0.005,Silk Board Junction,2.929
p163,12.909648,77.717511,0.6822,0.7097,0.0,Marathahalli Junction,5.887
p164,12.909838,77.56302,0.8589,0.9452,0.0,Dairy Circle,5.525
p165,12.909931,77.509193,0.2279,0.1039,0.0,Hudson Circle,10.32
p166,12.910105,77.679148,0.8045,0.859,0.0103,Sarjapur / Iblur Signal,2.316
p167,12.9105,77.512837,0.2719,0.1625,0.0,Hudson Circle,9.979
p168,12.910604,77.627847,0.98,0.9991,0.2309,Silk Board Junction,0.912
p169,12.910651,77.476369,0.1504,0.0006,0.0,Hudson Circle,13.205
p170,12.910768,77.539429,0.8174,0.8898,0.0,Dairy Circle,7.616
p171,12.910773,77.6862,0.8749,0.963,0.0027,Sarjapur / Iblur Signal,2.84
p172,12.910787,77.660859,0.6398,0.6063,0.035,Sarjapur / Iblur Signal,1.706
p173,12.911634,77.724293,0.5019,0.4692,0.0,Marathahalli Junction,6.005
p174,12.911709,77.666682,0.7134,0.6918,0.0445,Sarjapur / Iblur Signal,1.559
p175,12.9118,77.50016,0.1819,0.0425,0.0,Hudson Circle,10.965
p176,12.914392,77.545761,0.8996,0.9994,0.0,Dairy Circle,6.822
p177,12.914793,77.633571,0.98,0.9535,0.1709,Silk Board Junction,1.198
p178,12.914922,77.475579,0.1507,0.001,0.0,Gokaldas Images Junction,13.033
p179,12.915092,77.491382,0.1643,0.0191,0.0,Hudson Circle,11.554
p180,12.915127,77.572821,0.7359,0.7812,0.0,Dairy Circle,4.341
p181,12.915305,77.74168,0.2204,0.0939,0.0,Whitefield / Big Bazaar,6.093
p182,12.915621,77.55666,0.7478,0.797,0.0,Dairy Circle,5.718
p183,12.915631,77.694543,0.8631,0.9501,0.0005,Sarjapur / Iblur Signal,3.403
p184,12.916098,77.523377,0.5746,0.5661,0.0,Hudson Circle,8.716
p185,12.916159,77.538694,0.8766,0.9688,0.0,Dairy Circle,7.438
p186,12.916399,77.586597,0.7733,0.8299,0.0008,Dairy Circle,3.287
p187,12.916838,77.565328,0.6743,0.6991,0.0,Dairy Circle,4.855
p188,12.91692,77.51546,0.4139,0.3519,0.0,Hudson Circle,9.303
p189,12.917,77.709259,0.6376,0.6502,0.0,Marathahalli Junction,4.83
p190,12.917127,77.481441,0.1535,0.0047,0.0,Hudson Circle,12.376
p191,12.917241,77.641742,0.9265,0.9733,0.0465,Silk Board Junction,2.055
p192,12.917493,77.668946,0.9314,0.9215,0.0902,Sarjapur / Iblur Signal,1.008
p193,12.917493,77.593962,0.9033,0.9974,0.0052,Dairy Circle,2.847
p194,12.917572,77.530232,0.7652,0.8203,0.0,Hudson Circle,8.071
p195,12.917711,77.662904,0.8979,0.8649,0.0992,Sarjapur / Iblur Signal,0.91
p196,12.918522,77.699915,0.7424,0.7898,0.0001,Sarjapur / Iblur Signal,3.88
p197,12.918938,77.734147,0.2361,0.1148,0.0,Whitefield / Big Bazaar,5.881
p198,12.919234,77.609959,0.9708,0.9162,0.1337,Silk Board Junction,1.411
p199,12.919343,77.579389,0.606,0.6076,0.0003,Dairy Circle,3.506
p200,12.919391,77.625799,0.98,0.9926,0.3226,Silk Board Junction,0.406
p201,12.919469,77.505667,0.2889,0.1852,0.0,Hudson Circle,9.989
p202,12.920028,77.676642,0.9546,0.9999,0.0547,Sarjapur / Iblur Signal,1.42
p203,12.922571,77.702345,0.5901,0.5866,0.0001,Marathahalli Junction,4.075
p204,12.922687,77.66911,0.98,0.9983,0.1279,Sarjapur / Iblur Signal,0.565
p205,12.92271,77.652917,0.9624,0.9999,0.0624,Sarjapur / Iblur Signal,1.341
p206,12.922728,77.485125,0.1636,0.0181,0.0,Hudson Circle,11.737
p207,12.922782,77.675429,0.965,0.9878,0.0742,Sarjapur / Iblur Signal,1.187
p208,12.922902,77.588514,0.8478,0.9227,0.0058,Dairy Circle,2.569
p209,12.922951,77.717012,0.3554,0.2739,0.0,Marathahalli Junction,4.528
p210,12.923136,77.610471,0.8709,0.7924,0.1265,Silk Board Junction,1.49
p211,12.923253,77.577704,0.5283,0.5037,0.0005,Dairy Circle,3.353
p212,12.923379,77.661334,0.98,0.9944,0.1347,Sarjapur / Iblur Signal,0.464
p213,12.923432,77.735373,0.1918,0.0558,0.0,Whitefield / Big Bazaar,5.367
p214,12.923486,77.687498,0.783,0.8343,0.0073,Sarjapur / Iblur Signal,2.464
p215,12.92366,77.634379,0.98,0.9485,0.1239,Silk Board Junction,1.445
p216,12.923664,77.594025,0.9153,1.0,0.0153,Dairy Circle,2.204
p217,12.924302,77.491655,0.1953,0.0604,0.0,Hudson Circle,11.026
p218,12.924466,77.557385,0.5347,0.5129,0.0,Dairy Circle,5.214
p219,12.924519,77.605132,0.7546,0.7234,0.0621,Dairy Circle,1.963
p220,12.925128,77.474043,0.1519,0.0026,0.0,Gokaldas Images Junction,12.12
p221,12.925195,77.62808,0.98,0.8758,0.2015,Silk Board Junction,1.053
p222,12.925226,77.563299,0.405,0.34,0.0,Dairy Circle,4.59
p223,12.925394,77.538399,0.8858,0.981,0.0,Hudson Circle,6.834
p224,12.925421,77.500469,0.2948,0.1931,0.0,Hudson Circle,10.125
p225,12.925551,77.512951,0.5392,0.5189,0.0,Hudson Circle,8.959
p226,12.925863,77.693361,0.6284,0.6358,0.0015,Sarjapur / Iblur Signal,3.087
p227,12.925872,77.74327,0.1619,0.0159,0.0,Whitefield / Big Bazaar,4.912
p228,12.925891,77.57151,0.394,0.3252,0.0001,Dairy Circle,3.757
p229,12.926169,77.532902,0.8988,0.9984,0.0,Hudson Circle,7.201
p230,12.926171,77.522136,0.766,0.8213,0.0,Hudson Circle,8.103
p231,12.926217,77.707972,0.4093,0.3455,0.0002,Marathahalli Junction,3.813
p232,12.927064,77.621349,0.9177,0.7637,0.1949,Silk Board Junction,1.102
p233,12.927117,77.747896,0.1554,0.0072,0.0,Whitefield / Big Bazaar,4.725
p234,12.92719,77.641692,0.8445,0.8866,0.0295,Silk Board Junction,2.328
p235,12.927199,77.505358,0.4063,0.3418,0.0,Hudson Circle,9.567
p236,12.928094,77.727483,0.1968,0.0624,0.0,Marathahalli Junction,4.733
p237,12.930811,77.539269,0.8074,0.8765,0.0,Hudson Circle,6.345
p238,12.931119,77.577524,0.491,0.4518,0.0022,Dairy Circle,2.915
p239,12.931231,77.498499,0.3324,0.2431,0.0,Hudson Circle,10.021
p240,12.931304,77.507287,0.5339,0.5119,0.0,Hudson Circle,9.165
p241,12.931443,77.653359,0.8302,0.8318,0.0564,Sarjapur / Iblur Signal,1.404
p242,12.931482,77.748081,0.1641,0.0187,0.0,Whitefield / Big Bazaar,4.242
p243,12.931637,77.613186,0.5993,0.4737,0.0941,Dairy Circle,1.669
p244,12.931866,77.548914,0.5697,0.5596,0.0,Hudson Circle,5.537
p245,12.932003,77.662613,0.9448,0.9076,0.1141,Sarjapur / Iblur Signal,0.74
p246,12.932004,77.708104,0.2888,0.1834,0.0013,Marathahalli Junction,3.213
p247,12.932127,77.677824,0.8996,0.9409,0.0439,Sarjapur / Iblur Signal,1.572
p248,12.932356,77.643619,0.6929,0.7043,0.0147,Sarjapur / Iblur Signal,2.423
p249,12.932518,77.718465,0.2103,0.0802,0.0002,Marathahalli Junction,3.723
p250,12.932664,77.701411,0.3766,0.2983,0.0028,Marathahalli Junction,2.955
p251,12.932836,77.756884,0.1662,0.0216,0.0,Whitefield / Big Bazaar,4.155
p252,12.933097,77.74273,0.1701,0.0267,0.0,Whitefield / Big Bazaar,4.134
p253,12.93327,77.586183,0.7068,0.7135,0.0217,Dairy Circle,1.969
p254,12.933525,77.530265,0.889,0.9853,0.0,Hudson Circle,6.911
p255,12.933905,77.564769,0.2475,0.1299,0.0,Dairy Circle,4.137
p256,12.934276,77.637365,0.5962,0.5708,0.0181,Silk Board Junction,2.462
p257,12.934303,77.734905,0.1764,0.0351,0.0,Whitefield / Big Bazaar,4.253
p258,12.934737,77.727413,0.1797,0.0395,0.0,Marathahalli Junction,4.226
p259,12.934846,77.684408,0.8048,0.8573,0.0118,Sarjapur / Iblur Signal,2.345
p260,12.934883,77.572615,0.3286,0.2372,0.0007,Dairy Circle,3.283
p261,12.934959,77.523746,0.8961,0.9949,0.0,Hudson Circle,7.413
p262,12.935009,77.692901,0.6155,0.612,0.0065,Marathahalli Junction,2.708
p263,12.935042,77.554627,0.3792,0.3057,0.0,Hudson Circle,4.874
p264,12.935257,77.517051,0.8304,0.9072,0.0,Hudson Circle,8.025
p265,12.935436,77.594571,0.7908,0.7427,0.0838,Dairy Circle,1.085
p266,12.93882,77.731324,0.21,0.0798,0.0001,Whitefield / Big Bazaar,3.98
p267,12.938856,77.539664,0.6332,0.6442,0.0,Hudson Circle,5.74
p268,12.939048,77.742358,0.2099,0.0792,0.0005,Whitefield / Big Bazaar,3.5
p269,12.939269,77.658175,0.6229,0.5808,0.0373,Sarjapur / Iblur Signal,1.668
p270,12.939558,77.574317,0.3082,0.2084,0.002,Dairy Circle,3.015
p271,12.939626,77.552669,0.3373,0.2497,0.0,Hudson Circle,4.626
p272,12.939809,77.52379,0.8923,0.9897,0.0,Hudson Circle,7.143
p273,12.939969,77.756755,0.21,0.0791,0.0007,Whitefield / Big Bazaar,3.379
p274,12.940022,77.560567,0.232,0.1093,0.0,Hudson Circle,4.049
p275,12.940145,77.651973,0.5074,0.4555,0.0158,Sarjapur / Iblur Signal,2.125
p276,12.940333,77.671235,0.871,0.9181,0.0324,Sarjapur / Iblur Signal,1.758
p277,12.940844,77.485147,0.2174,0.0899,0.0,Gokaldas Images Junction,10.014
p278,12.941277,77.725892,0.2406,0.1204,0.0003,Marathahalli Junction,3.666
p279,12.94159,77.545679,0.434,0.3786,0.0,Hudson Circle,5.039
p280,12.941601,77.597143,0.6254,0.4593,0.1309,Dairy Circle,0.529
p281,12.941925,77.694101,0.7705,0.7818,0.0342,Marathahalli Junction,1.933
p282,12.942103,77.634568,0.423,0.3587,0.0039,Silk Board Junction,3.035
p283,12.942146,77.490619,0.2981,0.1975,0.0,Gokaldas Images Junction,9.61
p284,12.942295,77.514454,0.8714,0.9618,0.0,Hudson Circle,7.942
p285,12.9427,77.499153,0.4983,0.4643,0.0,Gokaldas Images Junction,9.179
p286,12.943031,77.71066,0.4149,0.3317,0.0161,Marathahalli Junction,2.286
p287,12.943086,77.578767,0.3287,0.2277,0.0079,Dairy Circle,2.523
p288,12.943218,77.67939,0.907,0.9911,0.0137,Sarjapur / Iblur Signal,2.495
p289,12.943223,77.529787,0.7638,0.8184,0.0,Hudson Circle,6.391
p290,12.943633,77.686676,0.9082,0.9747,0.0272,Marathahalli Junction,2.068
p291,12.943853,77.619239,0.3039,0.1655,0.0298,Dairy Circle,1.881
p292,12.943936,77.644825,0.4979,0.461,0.0021,Sarjapur / Iblur Signal,2.968
p293,12.944143,77.701458,0.6678,0.6225,0.0509,Marathahalli Junction,1.711
p294,12.946832,77.65896,0.6193,0.6151,0.008,Sarjapur / Iblur Signal,2.424
p295,12.947072,77.613697,0.2939,0.1142,0.0582,Dairy Circle,1.387
p296,12.94737,77.533382,0.5905,0.5873,0.0,Hudson Circle,5.837
p297,12.947509,77.73393,0.3565,0.2723,0.0023,Whitefield / Big Bazaar,3.019
p298,12.947897,77.499935,0.6017,0.6023,0.0,Gokaldas Images Junction,8.614
p299,12.947915,77.513381,0.8915,0.9887,0.0,Hudson Circle,7.834
p300,12.948024,77.604335,0.3998,0.1772,0.1169,Dairy Circle,0.713
p301,12.948061,77.739331,0.3707,0.286,0.0063,Whitefield / Big Bazaar,2.668
p302,12.948296,77.748202,0.3776,0.2864,0.0128,Whitefield / Big Bazaar,2.386
p303,12.94835,77.723585,0.3841,0.3093,0.0021,Marathahalli Junction,3.079
p304,12.94884,77.701093,0.8373,0.7742,0.1067,Marathahalli Junction,1.203
p305,12.948876,77.719309,0.4488,0.3892,0.007,Marathahalli Junction,2.632
p306,12.949216,77.757125,0.3699,0.2769,0.0122,Whitefield / Big Bazaar,2.404
p307,12.949374,77.653573,0.6899,0.7169,0.0023,Sarjapur / Iblur Signal,2.892
p308,12.949438,77.693641,0.98,0.9574,0.1144,Marathahalli Junction,1.144
p309,12.9495,77.564084,0.1681,0.0218,0.0018,Hudson Circle,2.986
p310,12.949548,77.590447,0.3476,0.1889,0.0559,Dairy Circle,1.506
p311,12.949557,77.574252,0.213,0.0715,0.0093,Hudson Circle,2.412
p312,12.949614,77.627597,0.5324,0.5062,0.0027,Dairy Circle,2.902
p313,12.949835,77.552705,0.2198,0.093,0.0001,Hudson Circle,3.882
p314,12.949875,77.68341,0.9165,0.9662,0.0419,Marathahalli Junction,1.829
p315,12.950059,77.66771,0.7311,0.7688,0.0046,Sarjapur / Iblur Signal,2.711
p316,12.950239,77.675438,0.7484,0.7846,0.0099,Marathahalli Junction,2.576
p317,12.950245,77.548698,0.254,0.1387,0.0,Hudson Circle,4.222
p318,12.950272,77.520949,0.8385,0.918,0.0,Hudson Circle,6.973
p319,12.950597,77.540027,0.3771,0.3028,0.0,Hudson Circle,5.033
p320,12.950657,77.634456,0.6824,0.7093,0.0004,Dairy Circle,3.649
p321,12.951836,77.472991,0.173,0.0306,0.0,Gokaldas Images Junction,9.75
p322,12.951851,77.581691,0.2494,0.0961,0.0273,Hudson Circle,2.007
p323,12.951924,77.490494,0.4058,0.341,0.0,Gokaldas Images Junction,8.662
p324,12.951959,77.594554,0.3211,0.1386,0.0671,Dairy Circle,1.366
p325,12.952135,77.483438,0.2689,0.1585,0.0,Gokaldas Images Junction,9.046
p326,12.954977,77.528852,0.568,0.5573,0.0,Hudson Circle,6.0
p327,12.955014,77.732916,0.589,0.5713,0.0105,Whitefield / Big Bazaar,2.471
p328,12.955205,77.492279,0.4967,0.4622,0.0,Gokaldas Images Junction,8.251
p329,12.95527,77.626284,0.6086,0.6093,0.0016,Dairy Circle,3.015
p330,12.955319,77.707311,0.9022,0.8522,0.1131,Marathahalli Junction,1.154
p331,12.955449,77.714827,0.7303,0.7284,0.034,Marathahalli Junction,1.933
p332,12.955815,77.605645,0.2348,0.0532,0.0448,Dairy Circle,1.578
p333,12.955908,77.682196,0.9272,0.9654,0.0532,Marathahalli Junction,1.687
p334,12.955993,77.54763,0.2139,0.0852,0.0,Hudson Circle,4.037
p335,12.956159,77.635262,0.8306,0.9073,0.0001,Dairy Circle,3.933
p336,12.956353,77.747745,0.6816,0.6145,0.0707,Whitefield / Big Bazaar,1.507
p337,12.956517,77.643082,0.8618,0.949,0.0,Sarjapur / Iblur Signal,4.149
p338,12.956619,77.764468,0.4428,0.3608,0.0222,Whitefield / Big Bazaar,2.142
p339,12.956778,77.612744,0.2927,0.1632,0.0202,Dairy Circle,2.007
p340,12.956912,77.515142,0.8719,0.9625,0.0,Gokaldas Images Junction,7.16
p341,12.957026,77.58649,0.247,0.0536,0.0568,Hudson Circle,1.515
p342,12.957124,77.48348,0.2959,0.1946,0.0,Gokaldas Images Junction,8.591
p343,12.957388,77.662657,0.8861,0.9808,0.0005,Sarjapur / Iblur Signal,3.512
p344,12.957416,77.505763,0.8664,0.9552,0.0,Gokaldas Images Junction,7.403
p345,12.957567,77.499336,0.7343,0.779,0.0,Gokaldas Images Junction,7.663
p346,12.958052,77.474685,0.1895,0.0526,0.0,Gokaldas Images Junction,9.106
p347,12.958106,77.622078,0.5083,0.4739,0.0029,Dairy Circle,2.813
p348,12.958447,77.593786,0.2345,0.0479,0.0486,Hudson Circle,1.807
p349,12.95852,77.651203,0.8917,0.9888,0.0001,Sarjapur / Iblur Signal,3.921
p350,12.958578,77.759986,0.6171,0.5472,0.0567,Whitefield / Big Bazaar,1.647
p351,12.958682,77.571429,0.1949,0.0124,0.0356,Hudson Circle,1.697
p352,12.958991,77.693919,0.98,0.9999,0.2048,Marathahalli Junction,0.378
p353,12.959041,77.581809,0.2464,0.0295,0.0743,Hudson Circle,1.212
p354,12.959203,77.739237,0.7674,0.7485,0.056,Whitefield / Big Bazaar,1.654
p355,12.959289,77.562578,0.1629,0.0064,0.0081,Hudson Circle,2.417
p356,12.959783,77.541726,0.2382,0.1176,0.0,Hudson Circle,4.513
p357,12.959847,77.725675,0.7474,0.7889,0.0057,Whitefield / Big Bazaar,2.859
p358,12.960149,77.521526,0.6963,0.7284,0.0,Hudson Circle,6.65
p359,12.960197,77.702238,0.98,0.9967,0.1903,Marathahalli Junction,0.539
p360,12.96034,77.676312,0.9151,0.9988,0.016,Marathahalli Junction,2.292
p361,12.962966,77.557088,0.1596,0.009,0.0029,Hudson Circle,2.812
p362,12.963246,77.725598,0.8383,0.9085,0.0069,Whitefield / Big Bazaar,2.744
p363,12.963819,77.757764,0.8553,0.7751,0.124,Whitefield / Big Bazaar,1.071
p364,12.963891,77.629544,0.7398,0.7863,0.0001,Dairy Circle,3.845
p365,12.963999,77.691807,0.98,0.9406,0.1581,Marathahalli Junction,0.813
p366,12.964019,77.731245,0.8675,0.9262,0.0229,Whitefield / Big Bazaar,2.133
p367,12.96403,77.714575,0.9156,0.9761,0.0335,Marathahalli Junction,1.941
p368,12.964276,77.601106,0.1896,0.0242,0.0215,Hudson Circle,2.167
p369,12.964323,77.654,0.87,0.9598,0.0001,Tin Factory Junction,3.892
p370,12.964438,77.546086,0.1823,0.0429,0.0001,Hudson Circle,3.944
p371,12.964456,77.643959,0.8743,0.9658,0.0,Tin Factory Junction,4.428
p372,12.964491,77.74282,0.98,0.931,0.1367,Whitefield / Big Bazaar,0.975
p373,12.964508,77.709896,0.9728,0.9992,0.0734,Marathahalli Junction,1.482
p374,12.964721,77.522033,0.6598,0.6797,0.0,Gokaldas Images Junction,6.173
p375,12.964904,77.764832,0.5974,0.5271,0.0521,Whitefield / Big Bazaar,1.698
p376,12.965084,77.6115,0.2579,0.1384,0.0042,Dairy Circle,2.753
p377,12.965175,77.63561,0.8492,0.9323,0.0,Dairy Circle,4.456
p378,12.965306,77.686904,0.9229,0.9091,0.091,Marathahalli Junction,1.329
p379,12.965406,77.594626,0.2143,0.0118,0.0554,Hudson Circle,1.461
p380,12.96547,77.538339,0.2593,0.1458,0.0,Hudson Circle,4.763
p381,12.965487,77.485062,0.3333,0.2444,0.0,Gokaldas Images Junction,7.752
p382,12.96567,77.584917,0.2849,0.0091,0.1281,Hudson Circle,0.574
p383,12.965933,77.515591,0.8392,0.9189,0.0,Gokaldas Images Junction,6.179
p384,12.966025,77.532728,0.3692,0.2923,0.0,Hudson Circle,5.363
p385,12.966143,77.619503,0.4177,0.356,0.0007,Dairy Circle,3.276
p386,12.966353,77.499343,0.7374,0.7832,0.0,Gokaldas Images Junction,6.801
p387,12.96657,77.507063,0.8876,0.9835,0.0,Gokaldas Images Junction,6.411
p388,12.966576,77.701768,0.98,0.9449,0.1397,Marathahalli Junction,0.953
p389,12.966847,77.667479,0.8098,0.8774,0.0018,Tin Factory Junction,3.291
p390,12.966921,77.488669,0.4143,0.3524,0.0,Gokaldas Images Junction,7.386
p391,12.967088,77.748185,0.98,0.9809,0.2063,Whitefield / Big Bazaar,0.359
p392,12.967773,77.562515,0.1679,0.0031,0.0156,Hudson Circle,2.128
p393,12.968124,77.662344,0.7804,0.8388,0.0014,Tin Factory Junction,3.214
p394,12.968193,77.582134,0.3005,0.0044,0.1472,Hudson Circle,0.2
p395,12.971303,77.629807,0.6096,0.6128,0.0,Dairy Circle,4.427
p396,12.971404,77.67762,0.6764,0.6865,0.0115,Marathahalli Junction,2.541
p397,12.971705,77.596554,0.1983,0.0071,0.0429,Hudson Circle,1.59
p398,12.971778,77.691484,0.9121,0.9261,0.0675,Marathahalli Junction,1.542
p399,12.971829,77.73576,0.9536,0.9847,0.0651,Whitefield / Big Bazaar,1.561
p400,12.971959,77.650183,0.6794,0.7048,0.0008,Tin Factory Junction,3.359
p401,12.972141,77.756023,0.98,0.8961,0.1719,Whitefield / Big Bazaar,0.703
p402,12.972192,77.581797,0.2969,0.0016,0.1457,Hudson Circle,0.243
p403,12.972501,77.572285,0.2337,0.0011,0.0829,Hudson Circle,1.09
p404,12.972626,77.775879,0.2814,0.1698,0.0041,Whitefield / Big Bazaar,2.825
p405,12.97263,77.609843,0.2111,0.079,0.0018,Hudson Circle,3.034
p406,12.972736,77.750817,0.98,0.9751,0.2079,Whitefield / Big Bazaar,0.337
p407,12.972835,77.546197,0.2076,0.0767,0.0001,Hudson Circle,3.896
p408,12.972905,77.602014,0.1791,0.0203,0.0139,Hudson Circle,2.195
p409,12.973036,77.767218,0.5218,0.4477,0.0361,Whitefield / Big Bazaar,1.902
p410,12.973171,77.642072,0.6505,0.6671,0.0001,Tin Factory Junction,3.848
p411,12.973553,77.715559,0.857,0.9307,0.009,Marathahalli Junction,2.537
p412,12.973678,77.524437,0.691,0.7213,0.0,Gokaldas Images Junction,5.157
p413,12.97376,77.636846,0.6309,0.6412,0.0,Tin Factory Junction,4.245
p414,12.973817,77.741246,0.98,0.9524,0.127,Whitefield / Big Bazaar,1.048
p415,12.97402,77.533734,0.4204,0.3605,0.0,Gokaldas Images Junction,5.1
p416,12.974573,77.663043,0.5827,0.5641,0.0097,Tin Factory Junction,2.501
p417,12.974632,77.552704,0.1815,0.0408,0.0008,Hudson Circle,3.219
p418,12.974973,77.724596,0.8392,0.9125,0.0048,Whitefield / Big Bazaar,2.815
p419,12.975042,77.686553,0.7467,0.7611,0.0259,Marathahalli Junction,2.119
p420,12.975247,77.512155,0.8985,0.998,0.0,Gokaldas Images Junction,5.314
p421,12.97542,77.497177,0.5679,0.5572,0.0,Gokaldas Images Junction,6.081
p422,12.975438,77.506377,0.8249,0.8998,0.0,Gokaldas Images Junction,5.554
p423,12.975539,77.617316,0.2789,0.1717,0.0001,Hudson Circle,3.88
p424,12.975837,77.484199,0.2576,0.1435,0.0,Gokaldas Images Junction,6.966
p425,12.975962,77.5861,0.2599,0.0007,0.1094,Hudson Circle,0.795
p426,12.976631,77.702736,0.8614,0.9097,0.0291,Marathahalli Junction,2.023
p427,12.976718,77.66941,0.5165,0.462,0.02,Tin Factory Junction,2.202
p428,12.979564,77.675688,0.4359,0.342,0.0294,Tin Factory Junction,2.047
p429,12.979567,77.614439,0.2139,0.0849,0.0002,Hudson Circle,3.674
p430,12.979763,77.734286,0.7386,0.7474,0.0281,Whitefield / Big Bazaar,2.03
p431,12.980217,77.479671,0.193,0.0574,0.0,Gokaldas Images Junction,7.011
p432,12.980349,77.620051,0.2604,0.1472,0.0,Hudson Circle,4.283
p433,12.980519,77.499853,0.5898,0.5864,0.0,Gokaldas Images Junction,5.455
p434,12.980672,77.666096,0.4292,0.3114,0.0456,Tin Factory Junction,1.777
p435,12.981195,77.741366,0.7343,0.6935,0.0642,Whitefield / Big Bazaar,1.57
p436,12.981242,77.604501,0.1652,0.0156,0.0035,Hudson Circle,2.739
p437,12.981442,77.764979,0.4643,0.3848,0.0257,Whitefield / Big Bazaar,2.073
p438,12.981523,77.651758,0.388,0.3028,0.011,Tin Factory Junction,2.449
p439,12.981917,77.569225,0.1814,0.0092,0.0245,Hudson Circle,1.912
p440,12.981986,77.523192,0.8093,0.879,0.0,Gokaldas Images Junction,4.268
p441,12.982132,77.544743,0.3175,0.2233,0.0,MES Railway Gate,4.244
p442,12.982149,77.707775,0.6941,0.7176,0.006,Marathahalli Junction,2.786
p443,12.98218,77.699339,0.8983,0.9792,0.014,Marathahalli Junction,2.561
p444,12.982329,77.646885,0.3663,0.2827,0.0043,Tin Factory Junction,2.808
p445,12.982711,77.715479,0.594,0.5901,0.0014,Marathahalli Junction,3.265
p446,12.982783,77.473614,0.1623,0.0164,0.0,Gokaldas Images Junction,7.372
p447,12.982799,77.536891,0.4827,0.4436,0.0,Gokaldas Images Junction,4.181
p448,12.982895,77.587846,0.1952,0.001,0.0445,Hudson Circle,1.561
p449,12.982898,77.506921,0.7701,0.8267,0.0,Gokaldas Images Junction,4.806
p450,12.982937,77.751871,0.69,0.62,0.075,Whitefield / Big Bazaar,1.467
p451,12.983141,77.594416,0.1723,0.0016,0.0211,Hudson Circle,1.981
p452,12.983182,77.662435,0.3867,0.2357,0.0599,Tin Factory Junction,1.614
p453,12.983413,77.724919,0.5843,0.5766,0.0018,Whitefield / Big Bazaar,3.109
p454,12.983707,77.633809,0.3258,0.2343,0.0001,Tin Factory Junction,4.004
p455,12.983901,77.553201,0.233,0.1099,0.0006,Hudson Circle,3.482
p456,12.984023,77.492065,0.3418,0.2558,0.0,Gokaldas Images Junction,5.724
p457,12.984118,77.561711,0.1837,0.0387,0.0047,Hudson Circle,2.698
p458,12.98421,77.625818,0.2639,0.1518,0.0,Tin Factory Junction,4.808
p459,12.984521,77.687512,0.789,0.8133,0.029,KR Puram,2.28
p460,12.98733,77.718873,0.4523,0.4025,0.0005,KR Puram,3.692
p461,12.987499,77.733726,0.4648,0.4106,0.0068,Whitefield / Big Bazaar,2.636
p462,12.987582,77.678336,0.705,0.6205,0.0896,Tin Factory Junction,1.476
p463,12.988142,77.576979,0.1743,0.0064,0.0194,Hudson Circle,2.079
p464,12.988245,77.638147,0.2519,0.135,0.0007,Tin Factory Junction,3.399
p465,12.988517,77.747151,0.4622,0.3835,0.0246,Whitefield / Big Bazaar,2.093
p466,12.988586,77.605664,0.1562,0.0074,0.0007,Hudson Circle,3.288
p467,12.988706,77.501218,0.5354,0.5139,0.0,Gokaldas Images Junction,4.661
p468,12.98883,77.563704,0.1957,0.0526,0.0063,MES Railway Gate,2.713
p469,12.988968,77.537523,0.6023,0.6025,0.0003,Gokaldas Images Junction,3.527
p470,12.988968,77.661909,0.5866,0.42,0.1216,Tin Factory Junction,1.092
p471,12.989238,77.686698,0.8276,0.8139,0.0672,KR Puram,1.779
p472,12.989282,77.58565,0.1691,0.0054,0.0151,Hudson Circle,2.169
p473,12.989346,77.596266,0.1573,0.0035,0.0046,Hudson Circle,2.64
p474,12.989434,77.724293,0.3961,0.3275,0.0005,Whitefield / Big Bazaar,3.534
p475,12.989627,77.695086,0.9452,0.9967,0.0477,KR Puram,1.787
p476,12.989792,77.766439,0.2788,0.1665,0.0039,Whitefield / Big Bazaar,2.84
p477,12.990127,77.772424,0.2164,0.0874,0.0009,Whitefield / Big Bazaar,3.312
p478,12.990419,77.573915,0.1746,0.0149,0.0134,Hudson Circle,2.422
p479,12.990533,77.66631,0.7365,0.5502,0.1739,Tin Factory Junction,0.705
p480,12.990966,77.70978,0.6188,0.616,0.0068,KR Puram,2.648
p481,12.991175,77.644832,0.3597,0.27,0.0072,Tin Factory Junction,2.615
p482,12.991368,77.629861,0.2155,0.0873,0.0,Tin Factory Junction,4.21
p483,12.991381,77.474915,0.1583,0.011,0.0,Gokaldas Images Junction,6.762
p484,12.991383,77.517538,0.8869,0.982,0.0004,Gokaldas Images Junction,3.441
p485,12.991607,77.492916,0.3008,0.2011,0.0,Gokaldas Images Junction,5.103
p486,12.991925,77.556376,0.2834,0.171,0.0051,MES Railway Gate,2.65
p487,12.992117,77.544488,0.5039,0.4704,0.0011,MES Railway Gate,3.441
p488,12.992197,77.69955,0.9253,0.9696,0.0481,KR Puram,1.754
p489,12.992411,77.65304,0.5157,0.4206,0.0502,Tin Factory Junction,1.719
p490,12.992898,77.529876,0.8438,0.9228,0.0017,Gokaldas Images Junction,2.997
p491,12.995443,77.637399,0.3547,0.2719,0.0008,Tin Factory Junction,3.355
p492,12.995469,77.693471,0.98,0.9994,0.1229,KR Puram,1.119
p493,12.995473,77.759883,0.2491,0.1292,0.0022,Whitefield / Big Bazaar,3.034
p494,12.995494,77.65085,0.568,0.5087,0.0364,Tin Factory Junction,1.897
p495,12.995619,77.589504,0.1676,0.0187,0.0035,Hudson Circle,2.947
p496,12.995666,77.726277,0.2623,0.1494,0.0002,Whitefield / Big Bazaar,3.847
p497,12.995996,77.644117,0.4749,0.4238,0.007,Tin Factory Junction,2.624
p498,12.996002,77.609474,0.1568,0.009,0.0,Hudson Circle,4.141
p499,12.996104,77.48033,0.1666,0.0222,0.0,Gokaldas Images Junction,6.001
p500,12.996166,77.686027,0.98,0.9832,0.159,KR Puram,1.068
p501,12.996331,77.707975,0.6838,0.684,0.0208,KR Puram,2.173
p502,12.996497,77.595085,0.1649,0.0183,0.0012,Hudson Circle,3.256
p503,12.996761,77.512371,0.7239,0.7641,0.0009,Gokaldas Images Junction,3.203
p504,12.996903,77.743596,0.2516,0.1329,0.0019,Whitefield / Big Bazaar,3.076
p505,12.997093,77.566165,0.2566,0.0982,0.0329,MES Railway Gate,1.77
p506,12.99734,77.546184,0.5816,0.568,0.0056,MES Railway Gate,2.932
p507,12.997872,77.577592,0.2053,0.0433,0.0229,MES Railway Gate,1.97
p508,12.998104,77.678104,0.98,0.9664,0.1948,Tin Factory Junction,1.076
p509,12.998332,77.667332,0.98,0.8684,0.223,Tin Factory Junction,0.218
p510,12.998415,77.658921,0.8459,0.7558,0.1291,Tin Factory Junction,1.037
p511,12.998536,77.490431,0.226,0.1014,0.0,Gokaldas Images Junction,4.905
p512,12.998732,77.552602,0.4708,0.4065,0.0159,MES Railway Gate,2.298
p513,12.999063,77.496877,0.3175,0.2233,0.0,Gokaldas Images Junction,4.274
p514,12.999108,77.751765,0.2232,0.0961,0.0011,Whitefield / Big Bazaar,3.246
p515,12.999127,77.698512,0.9717,0.9392,0.1173,KR Puram,1.129
p516,12.999174,77.538666,0.7968,0.8512,0.0084,Gokaldas Images Junction,2.487
p517,12.999661,77.6059,0.1676,0.0234,0.0001,Hebbal Junction,4.111
p518,12.999769,77.521899,0.8596,0.935,0.0084,Gokaldas Images Junction,2.403
p519,12.99984,77.717969,0.3511,0.2656,0.0019,KR Puram,3.087
p520,13.000291,77.630015,0.2966,0.1954,0.0,Tin Factory Junction,4.173
p521,13.000605,77.528673,0.9144,0.9991,0.0151,Gokaldas Images Junction,2.149
p522,13.000745,77.62252,0.2093,0.079,0.0,Veerannapalya Junction,4.698
p523,13.00407,77.739813,0.1796,0.0393,0.0001,Whitefield / Big Bazaar,3.947
p524,13.004136,77.683866,0.98,0.9545,0.2129,KR Puram,0.672
p525,13.004288,77.663055,0.98,0.9725,0.1334,Tin Factory Junction,1.023
p526,13.004325,77.557552,0.5286,0.4103,0.0709,MES Railway Gate,1.485
p527,13.004331,77.598468,0.2042,0.0706,0.0012,MES Railway Gate,3.441
p528,13.004755,77.586228,0.2446,0.1065,0.0146,MES Railway Gate,2.177
p529,13.004978,77.75818,0.1719,0.0291,0.0001,Whitefield / Big Bazaar,3.99
p530,13.005017,77.735083,0.1741,0.0321,0.0,Whitefield / Big Bazaar,4.217
p531,13.005217,77.637463,0.5341,0.5114,0.0005,Tin Factory Junction,3.478
p532,13.005632,77.574112,0.363,0.1649,0.0894,MES Railway Gate,1.05
p533,13.005813,77.708697,0.5361,0.4775,0.028,KR Puram,2.03
p534,13.005977,77.719759,0.2747,0.1647,0.0012,KR Puram,3.23
p535,13.006435,77.642332,0.6923,0.72,0.0023,Tin Factory Junction,3.02
p536,13.006467,77.481456,0.185,0.0467,0.0,Gokaldas Images Junction,5.474
p537,13.006539,77.610337,0.1983,0.0635,0.0007,Hebbal Junction,3.544
p538,13.006612,77.545954,0.8208,0.8371,0.043,Yeshwanthpur Junction,2.011
p539,13.006625,77.679344,0.98,0.9386,0.1691,KR Puram,1.17
p540,13.006938,77.580312,0.3278,0.17,0.0503,MES Railway Gate,1.494
p541,13.00701,77.505204,0.3523,0.2678,0.0014,Gokaldas Images Junction,3.049
p542,13.00719,77.561063,0.5619,0.3839,0.124,MES Railway Gate,0.989
p543,13.007362,77.773202,0.154,0.0053,0.0,Whitefield / Big Bazaar,4.856
p544,13.007788,77.750335,0.1649,0.0198,0.0,Whitefield / Big Bazaar,4.201
p545,13.007805,77.703255,0.6433,0.5581,0.0747,KR Puram,1.471
p546,13.008002,77.630256,0.3946,0.3261,0.0001,Veerannapalya Junction,4.092
p547,13.008447,77.533214,0.9544,0.9837,0.0666,Gokaldas Images Junction,1.324
p548,13.008453,77.694288,0.8457,0.6805,0.1853,KR Puram,0.602
p549,13.008535,77.727857,0.1821,0.0428,0.0,KR Puram,4.125
p550,13.008623,77.602932,0.2452,0.1226,0.0033,Hebbal Junction,3.073
p551,13.008665,77.667665,0.98,0.9828,0.1009,Tin Factory Junction,1.336
p552,13.009012,77.514807,0.5322,0.485,0.0184,Gokaldas Images Junction,2.048
p553,13.01165,77.489195,0.2713,0.1618,0.0,Gokaldas Images Junction,4.522
p554,13.011748,77.4839,0.2421,0.1228,0.0,Gokaldas Images Junction,5.083
p555,13.011805,77.606711,0.2799,0.1649,0.0062,Hebbal Junction,2.855
p556,13.011845,77.635116,0.5826,0.5765,0.0002,Veerannapalya Junction,3.913
p557,13.011874,77.668796,0.8963,0.9091,0.0645,Tin Factory Junction,1.69
p558,13.01194,77.517222,0.5602,0.4954,0.0386,Gokaldas Images Junction,1.648
p559,13.012207,77.69458,0.6829,0.5206,0.1424,KR Puram,0.939
p560,13.012332,77.70871,0.3875,0.2898,0.0202,KR Puram,2.186
p561,13.012371,77.67867,0.8233,0.7649,0.0997,KR Puram,1.475
p562,13.013339,77.564032,0.7169,0.4801,0.2068,MES Railway Gate,0.432
p563,13.013822,77.643292,0.823,0.896,0.0009,Tin Factory Junction,3.314
p564,13.013907,77.499974,0.4099,0.3457,0.0006,Gokaldas Images Junction,3.326
p565,13.01396,77.661241,0.875,0.9306,0.027,Tin Factory Junction,2.067
p566,13.014126,77.597654,0.3856,0.2865,0.0207,Hebbal Junction,2.398
p567,13.014126,77.686162,0.7081,0.5756,0.1264,KR Puram,1.092
p568,13.014159,77.537664,0.98,0.9758,0.1141,Gokaldas Images Junction,1.053
p569,13.014343,77.530007,0.8875,0.8129,0.1278,Gokaldas Images Junction,0.626
p570,13.014506,77.611408,0.3028,0.1936,0.0076,Hebbal Junction,2.826
p571,13.014543,77.581731,0.5082,0.4027,0.0561,MES Railway Gate,1.499
p572,13.014912,77.726606,0.1721,0.0294,0.0,KR Puram,4.119
p573,13.015733,77.620427,0.3138,0.2138,0.0034,Veerannapalya Junction,3.026
p574,13.015734,77.554622,0.98,0.8267,0.2196,Yeshwanthpur Junction,0.806
p575,13.015775,77.572032,0.7008,0.5244,0.1575,MES Railway Gate,0.534
p576,13.016027,77.587817,0.4984,0.4194,0.0339,MES Railway Gate,2.176
p577,13.016883,77.702212,0.376,0.2498,0.0386,KR Puram,1.866
p578,13.017154,77.524982,0.8167,0.7232,0.1243,Gokaldas Images Junction,0.629
p579,13.017168,77.508162,0.6092,0.6008,0.0086,Gokaldas Images Junction,2.39
p580,13.020411,77.521215,0.886,0.8539,0.0956,Gokaldas Images Junction,0.954
p581,13.020516,77.484491,0.4182,0.3575,0.0,Gokaldas Images Junction,4.937
p582,13.021325,77.715228,0.1944,0.0579,0.001,KR Puram,3.278
p583,13.021362,77.692255,0.3659,0.2322,0.0417,KR Puram,1.826
p584,13.021991,77.569115,0.9306,0.8106,0.1727,MES Railway Gate,1.002
p585,13.022029,77.642576,0.8858,0.9804,0.0005,Veerannapalya Junction,3.533
p586,13.022044,77.49752,0.6185,0.6243,0.0003,Gokaldas Images Junction,3.531
p587,13.022088,77.709486,0.2174,0.0846,0.004,KR Puram,2.835
p588,13.022266,77.541115,0.98,0.9107,0.1689,Gokaldas Images Junction,1.231
p589,13.022747,77.544398,0.98,0.9618,0.2007,Yeshwanthpur Junction,1.042
p590,13.022768,77.588379,0.7666,0.7049,0.0879,Hebbal Junction,1.718
p591,13.022826,77.597644,0.7546,0.637,0.1269,Hebbal Junction,1.436
p592,13.023004,77.563262,0.98,0.8824,0.2567,Yeshwanthpur Junction,1.005
p593,13.023068,77.578153,0.816,0.791,0.0727,MES Railway Gate,1.566
p594,13.023195,77.5296,0.98,0.9361,0.1485,Gokaldas Images Junction,0.356
p595,13.023217,77.512632,0.8442,0.8937,0.0239,Gokaldas Images Junction,1.917
p596,13.023369,77.609373,0.6081,0.5192,0.0687,Hebbal Junction,1.921
p597,13.023476,77.65313,0.8096,0.8785,0.0007,Tin Factory Junction,3.397
p598,13.023586,77.661138,0.6033,0.6016,0.0021,Tin Factory Junction,3.083
p599,13.023603,77.724121,0.1603,0.0137,0.0,KR Puram,4.235
p600,13.024023,77.506395,0.7849,0.8397,0.0051,Gokaldas Images Junction,2.599
p601,13.024129,77.666871,0.5069,0.4716,0.0031,Tin Factory Junction,3.048
p602,13.024417,77.627057,0.6376,0.6272,0.0172,Veerannapalya Junction,2.278
p603,13.024506,77.621047,0.5613,0.507,0.0311,Veerannapalya Junction,2.071
p604,13.02467,77.553814,0.98,0.9909,0.3222,Yeshwanthpur Junction,0.186
p605,13.024884,77.633743,0.7698,0.8171,0.0069,Veerannapalya Junction,2.632
p606,13.024946,77.682593,0.3417,0.2363,0.0145,KR Puram,2.347
p607,13.027901,77.507411,0.8723,0.9563,0.0051,Gokaldas Images Junction,2.601
p608,13.02793,77.593961,0.98,0.8678,0.2297,Hebbal Junction,0.931
p609,13.027942,77.711942,0.1707,0.027,0.0005,KR Puram,3.479
p610,13.029362,77.556945,0.98,0.9991,0.313,Gorguntepalya Junction,0.266
p611,13.02951,77.563438,0.98,0.9995,0.2378,Gorguntepalya Junction,0.956
p612,13.029602,77.5687,0.98,0.9959,0.1478,Gorguntepalya Junction,1.524
p613,13.029639,77.602981,0.98,0.8529,0.2445,Hebbal Junction,0.941
p614,13.029665,77.64601,0.8665,0.9544,0.0007,Veerannapalya Junction,3.377
p615,13.030112,77.653875,0.6908,0.7209,0.0001,Tin Factory Junction,4.022
p616,13.030113,77.530058,0.98,0.9894,0.0883,Gokaldas Images Junction,1.118
p617,13.030495,77.628921,0.8521,0.8793,0.0427,Veerannapalya Junction,1.821
p618,13.030943,77.53988,0.98,0.9803,0.1154,Gokaldas Images Junction,1.616
p619,13.031002,77.724774,0.1525,0.0034,0.0,KR Puram,4.743
p620,13.03122,77.491683,0.8097,0.8796,0.0,Gokaldas Images Junction,4.338
p621,13.031317,77.719241,0.1551,0.0068,0.0,KR Puram,4.305
p622,13.031578,77.61436,0.8909,0.7946,0.145,Veerannapalya Junction,1.323
p623,13.031654,77.578701,0.9719,0.9977,0.0736,Hebbal Junction,2.037
p624,13.031872,77.588358,0.98,0.9847,0.2088,Hebbal Junction,1.033
p625,13.031876,77.667654,0.3187,0.2246,0.0002,KR Puram,3.835
p626,13.032285,77.620926,0.8663,0.802,0.1149,Veerannapalya Junction,1.227
p627,13.032299,77.525729,0.9199,0.9529,0.0553,Gokaldas Images Junction,1.437
p628,13.0325,77.659462,0.4953,0.4603,0.0001,Tin Factory Junction,4.084
p629,13.032823,77.63651,0.9121,0.9953,0.0156,Veerannapalya Junction,2.302
p630,13.033317,77.495774,0.8768,0.9691,0.0001,Gokaldas Images Junction,3.994
p631,13.035888,77.541551,0.8747,0.8537,0.0845,Gorguntepalya Junction,1.649
p632,13.036127,77.563517,0.98,0.9042,0.2131,BEL Circle,0.778
p633,13.036532,77.610012,0.98,0.9728,0.2459,Veerannapalya Junction,1.124
p634,13.036677,77.500708,0.8953,0.9935,0.0002,Gokaldas Images Junction,3.674
p635,13.036957,77.594534,0.98,0.9934,0.3422,Hebbal Junction,0.297
p636,13.037036,77.635451,0.9222,0.9901,0.0296,Veerannapalya Junction,2.005
p637,13.037253,77.658169,0.4525,0.4033,0.0,Veerannapalya Junction,4.404
p638,13.037417,77.617352,0.98,0.9458,0.2115,Veerannapalya Junction,0.621
p639,13.037671,77.642368,0.8418,0.9149,0.0056,Veerannapalya Junction,2.708
p640,13.037675,77.603566,0.98,0.9999,0.3201,Hebbal Junction,0.742
p641,13.03838,77.674703,0.1911,0.0547,0.0001,KR Puram,4.047
p642,13.03914,77.578535,0.8955,0.8925,0.0761,BEL Circle,1.844
p643,13.039397,77.62828,0.98,0.9988,0.1101,Veerannapalya Junction,1.184
p644,13.039601,77.570437,0.8923,0.8287,0.1208,BEL Circle,0.989
p645,13.039702,77.512718,0.7589,0.8087,0.0024,Gokaldas Images Junction,2.874
p646,13.039761,77.547735,0.7931,0.7009,0.1174,Gorguntepalya Junction,1.466
p647,13.039859,77.651271,0.5957,0.5938,0.0003,Veerannapalya Junction,3.626
p648,13.039912,77.531127,0.6823,0.6864,0.0174,Gokaldas Images Junction,2.205
p649,13.039973,77.52267,0.6696,0.6797,0.0098,Gokaldas Images Junction,2.347
p650,13.040527,77.509184,0.7734,0.83,0.0009,Gokaldas Images Junction,3.202
p651,13.040923,77.586684,0.9754,0.8813,0.1645,Hebbal Junction,1.254
p652,13.041102,77.483718,0.899,0.9986,0.0,Gokaldas Images Junction,5.536
p653,13.044137,77.49846,0.7909,0.8545,0.0,Gokaldas Images Junction,4.339
p654,13.04436,77.658382,0.3478,0.2637,0.0,Veerannapalya Junction,4.383
p655,13.044407,77.622543,0.98,0.9842,0.1973,Veerannapalya Junction,0.517
p656,13.044549,77.532801,0.5186,0.4821,0.007,Gokaldas Images Junction,2.731
p657,13.044933,77.516319,0.5573,0.5416,0.0011,Gokaldas Images Junction,3.131
p658,13.044964,77.655085,0.4085,0.3446,0.0001,Veerannapalya Junction,4.029
p659,13.045304,77.612922,0.98,0.9509,0.2283,Veerannapalya Junction,0.607
p660,13.045958,77.50648,0.6476,0.6634,0.0001,Gokaldas Images Junction,3.84
p661,13.046113,77.676768,0.1634,0.0179,0.0,KR Puram,4.767
p662,13.046141,77.578697,0.6665,0.6169,0.0538,BEL Circle,1.844
p663,13.046309,77.564085,0.6764,0.4982,0.1528,BEL Circle,0.43
p664,13.046986,77.554738,0.5747,0.4029,0.1225,BEL Circle,0.903
p665,13.047072,77.574187,0.6226,0.5415,0.0665,BEL Circle,1.397
p666,13.047112,77.646226,0.5329,0.5081,0.0018,Veerannapalya Junction,3.095
p667,13.047221,77.628124,0.9025,0.8587,0.1085,Veerannapalya Junction,1.193
p668,13.047323,77.63609,0.7097,0.7081,0.0286,Veerannapalya Junction,2.02
p669,13.047392,77.520787,0.4331,0.3762,0.001,Gokaldas Images Junction,3.189
p670,13.047647,77.548858,0.486,0.3631,0.0636,BEL Circle,1.515
p671,13.047708,77.682578,0.1537,0.005,0.0,KR Puram,4.791
p672,13.048412,77.595433,0.781,0.6549,0.1398,Hebbal Junction,1.405
p673,13.048429,77.604152,0.8819,0.7663,0.1572,Hebbal Junction,1.597
p674,13.048483,77.538113,0.404,0.3277,0.0082,BEL Circle,2.661
p675,13.04858,77.588216,0.6723,0.5829,0.0851,Hebbal Junction,1.704
p676,13.048581,77.670239,0.1808,0.041,0.0,KR Puram,5.274
p677,13.052154,77.564655,0.4488,0.2792,0.0895,BEL Circle,1.052
p678,13.052826,77.552872,0.3549,0.1994,0.0554,BEL Circle,1.47
p679,13.053084,77.612053,0.7687,0.6772,0.1108,Veerannapalya Junction,1.288
p680,13.05408,77.626418,0.7013,0.6434,0.0687,Veerannapalya Junction,1.528
p681,13.054235,77.506028,0.4093,0.3457,0.0,Gokaldas Images Junction,4.593
p682,13.054246,77.533407,0.2691,0.1576,0.0009,BEL Circle,3.342
p683,13.054301,77.497569,0.5025,0.4701,0.0,Gokaldas Images Junction,5.173
p684,13.054651,77.597438,0.5141,0.4216,0.0478,Hebbal Junction,2.085
p685,13.054758,77.521132,0.2711,0.1614,0.0001,Gokaldas Images Junction,3.962
p686,13.054825,77.571141,0.3644,0.2322,0.0403,BEL Circle,1.641
p687,13.055156,77.515721,0.3018,0.2023,0.0,Gokaldas Images Junction,4.185
p688,13.055162,77.659846,0.2134,0.0845,0.0,Veerannapalya Junction,4.734
p689,13.055195,77.619817,0.7392,0.6675,0.0886,Veerannapalya Junction,1.363
p690,13.055492,77.603479,0.5475,0.4633,0.0501,Veerannapalya Junction,2.095
p691,13.055493,77.636742,0.4486,0.3838,0.0107,Veerannapalya Junction,2.458
p692,13.055707,77.587223,0.3884,0.2921,0.0193,Hebbal Junction,2.443
p693,13.056828,77.53714,0.2325,0.1081,0.0015,BEL Circle,3.1
p694,13.056866,77.642907,0.3335,0.2423,0.0018,Veerannapalya Junction,3.107
p695,13.05768,77.577245,0.3005,0.1845,0.0122,BEL Circle,2.317
p696,13.057721,77.548164,0.2354,0.0957,0.0136,BEL Circle,2.214
p697,13.060644,77.593788,0.303,0.1925,0.0087,Hebbal Junction,2.769
p698,13.060916,77.529758,0.1905,0.0539,0.0001,BEL Circle,4.02
p699,13.061115,77.660026,0.1776,0.0367,0.0,Veerannapalya Junction,4.98
p700,13.061361,77.637629,0.3026,0.1995,0.0029,Veerannapalya Junction,2.942
p701,13.061646,77.572638,0.2283,0.0919,0.0094,BEL Circle,2.363
p702,13.062122,77.645207,0.2323,0.1093,0.0003,Veerannapalya Junction,3.631
p703,13.062661,77.62898,0.3727,0.2833,0.0102,Veerannapalya Junction,2.479
p704,13.062698,77.565145,0.21,0.0623,0.0133,BEL Circle,2.205
p705,13.062914,77.581297,0.2241,0.0956,0.0024,BEL Circle,3.038
p706,13.062977,77.614799,0.4049,0.315,0.0187,Veerannapalya Junction,2.236
p707,13.06352,77.553322,0.1853,0.0372,0.0074,BEL Circle,2.457
p708,13.063705,77.505491,0.2348,0.113,0.0,Gokaldas Images Junction,5.516
p709,13.064449,77.650323,0.1892,0.0522,0.0,Veerannapalya Junction,4.233
p710,13.064533,77.618614,0.3748,0.2823,0.013,Veerannapalya Junction,2.382
p711,13.064993,77.52164,0.1742,0.0322,0.0,BEL Circle,5.008
p712,13.065029,77.536346,0.169,0.0251,0.0002,BEL Circle,3.698
p713,13.065053,77.586809,0.2106,0.0791,0.0013,Hebbal Junction,3.418
p714,13.06546,77.601939,0.2604,0.1424,0.0036,Veerannapalya Junction,3.034
p715,13.068786,77.517286,0.1666,0.0222,0.0,Gokaldas Images Junction,5.568
p716,13.069183,77.617685,0.2682,0.1531,0.0034,Veerannapalya Junction,2.895
p717,13.06936,77.503999,0.1889,0.0519,0.0,Gokaldas Images Junction,6.144
p718,13.069509,77.497371,0.2084,0.0779,0.0,Gokaldas Images Junction,6.519
p719,13.069701,77.579413,0.1709,0.0273,0.0004,BEL Circle,3.505
p720,13.070151,77.633806,0.212,0.082,0.0006,Veerannapalya Junction,3.457
p721,13.070686,77.606187,0.211,0.0799,0.001,Veerannapalya Junction,3.319
p722,13.071475,77.566049,0.1598,0.0117,0.001,BEL Circle,3.179
p723,13.071987,77.557567,0.1564,0.0075,0.0008,BEL Circle,3.241
p724,13.071988,77.524802,0.1547,0.0063,0.0,BEL Circle,5.153
p725,13.07228,77.536945,0.1539,0.0051,0.0,BEL Circle,4.227
p726,13.07263,77.610999,0.2067,0.0745,0.0008,Veerannapalya Junction,3.363
p727,13.072671,77.627535,0.2097,0.0788,0.0006,Veerannapalya Junction,3.44
p728,13.073121,77.545102,0.1533,0.0043,0.0001,BEL Circle,3.802
p729,13.073345,77.572609,0.1578,0.01,0.0003,BEL Circle,3.547
p730,13.073573,77.588487,0.1633,0.0177,0.0,Hebbal Junction,4.278
p731,13.076608,77.626035,0.1818,0.0423,0.0002,Veerannapalya Junction,3.817
p732,13.076683,77.621732,0.1843,0.0455,0.0002,Veerannapalya Junction,3.746
p733,13.076821,77.506471,0.1581,0.0108,0.0,Gokaldas Images Junction,6.782
p734,13.076846,77.556053,0.1518,0.0022,0.0001,BEL Circle,3.798
p735,13.077366,77.520288,0.1521,0.0028,0.0,BEL Circle,5.909
p736,13.07746,77.572746,0.153,0.0039,0.0001,BEL Circle,3.985
p737,13.07811,77.595992,0.1585,0.0113,0.0,Veerannapalya Junction,4.558
p738,13.078964,77.64541,0.1544,0.0059,0.0,Veerannapalya Junction,4.965
p739,13.079727,77.579539,0.1522,0.003,0.0,BEL Circle,4.485
p740,13.079941,77.546402,0.1505,0.0007,0.0,BEL Circle,4.421
p741,13.080311,77.541348,0.1505,0.0006,0.0,BEL Circle,4.695
p742,13.080941,77.637249,0.1569,0.0092,0.0,Veerannapalya Junction,4.686
p743,13.081095,77.603613,0.1575,0.01,0.0,Veerannapalya Junction,4.492
p744,13.082011,77.609375,0.1589,0.0119,0.0,Veerannapalya Junction,4.414
p745,13.084491,77.610501,0.1555,0.0073,0.0,Veerannapalya Junction,4.659
p746,13.08497,77.53186,0.1501,0.0002,0.0,BEL Circle,5.677
p747,13.085008,77.627417,0.1554,0.0072,0.0,Veerannapalya Junction,4.756
p748,13.085131,77.620271,0.156,0.008,0.0,Veerannapalya Junction,4.665
p749,13.085486,77.587699,0.1508,0.0011,0.0,BEL Circle,5.463
p750,13.085708,77.645933,0.1509,0.0012,0.0,Veerannapalya Junction,5.611
p751,13.086801,77.573984,0.1503,0.0003,0.0,BEL Circle,5.015
p752,13.087927,77.576978,0.1502,0.0003,0.0,BEL Circle,5.227
p753,13.088093,77.563531,0.1501,0.0001,0.0,BEL Circle,4.989
p754,13.088391,77.553634,0.1501,0.0001,0.0,BEL Circle,5.1
p755,13.088781,77.636525,0.1512,0.0016,0.0,Veerannapalya Junction,5.446
p756,13.088902,77.603037,0.1512,0.0016,0.0,Veerannapalya Junction,5.329
p757,13.089043,77.548745,0.15,0.0,0.0,BEL Circle,5.29
p758,13.089494,77.538625,0.15,0.0,0.0,BEL Circle,5.732
p759,13.089853,77.596521,0.1505,0.0007,0.0,Veerannapalya Junction,5.681
p760,13.093529,77.566066,0.15,0.0,0.0,BEL Circle,5.605
p761,13.093964,77.611021,0.1505,0.0007,0.0,Veerannapalya Junction,5.686
p762,13.095818,77.633494,0.1502,0.0003,0.0,Veerannapalya Junction,6.077
p763,13.095851,77.622322,0.1504,0.0005,0.0,Veerannapalya Junction,5.863
p764,13.09592,77.62621,0.1503,0.0004,0.0,Veerannapalya Junction,5.919
p765,13.097311,77.594548,0.1501,0.0001,0.0,Veerannapalya Junction,6.522
p766,13.098123,77.641792,0.1501,0.0001,0.0,Veerannapalya Junction,6.619
p767,13.09821,77.588219,0.15,0.0,0.0,BEL Circle,6.735
p768,13.101024,77.603022,0.15,0.0001,0.0,Veerannapalya Junction,6.618
p769,13.101361,77.62129,0.1501,0.0001,0.0,Veerannapalya Junction,6.463
p770,13.102665,77.586381,0.15,0.0,0.0,BEL Circle,7.108
p771,13.103422,77.612151,0.15,0.0,0.0,Veerannapalya Junction,6.711
p772,13.104511,77.628386,0.15,0.0,0.0,Veerannapalya Junction,6.894
p773,13.104522,77.594536,0.15,0.0,0.0,Veerannapalya Junction,7.263
p774,13.104889,77.578043,0.15,0.0,0.0,BEL Circle,7.061
p775,13.10599,77.563854,0.15,0.0,0.0,BEL Circle,6.968
p776,13.108962,77.570462,0.15,0.0,0.0,BEL Circle,7.351
p777,13.109811,77.563754,0.15,0.0,0.0,BEL Circle,7.39
p778,13.110475,77.598184,0.15,0.0,0.0,Veerannapalya Junction,7.764
p779,13.110643,77.637465,0.15,0.0,0.0,Veerannapalya Junction,7.772
p780,13.110715,77.578879,0.15,0.0,0.0,BEL Circle,7.708
p781,13.111059,77.603897,0.15,0.0,0.0,Veerannapalya Junction,7.679
p782,13.111826,77.585787,0.15,0.0,0.0,BEL Circle,8.036
p783,13.112952,77.630897,0.15,0.0,0.0,Veerannapalya Junction,7.86
p784,13.117017,77.633479,0.15,0.0,0.0,Veerannapalya Junction,8.355
p785,13.117104,77.61385,0.15,0.0,0.0,Veerannapalya Junction,8.206
p786,13.117641,77.59402,0.15,0.0,0.0,Veerannapalya Junction,8.654
p787,13.11903,77.604205,0.15,0.0,0.0,Veerannapalya Junction,8.539
p788,13.119187,77.57385,0.15,0.0,0.0,BEL Circle,8.522
p789,13.119215,77.579916,0.15,0.0,0.0,BEL Circle,8.649
p790,13.120036,77.627993,0.15,0.0,0.0,Veerannapalya Junction,8.587
p791,13.120892,77.589147,0.15,0.0,0.0,BEL Circle,9.102
p792,13.121597,77.618988,0.15,0.0,0.0,Veerannapalya Junction,8.691
p793,13.125398,77.597608,0.15,0.0,0.0,Veerannapalya Junction,9.376
p794,13.125611,77.587476,0.15,0.0,0.0,BEL Circle,9.544
p795,13.126732,77.611221,0.15,0.0,0.0,Veerannapalya Junction,9.288
p796,13.127945,77.571682,0.15,0.0,0.0,BEL Circle,9.451
p797,13.12809,77.581053,0.15,0.0,0.0,BEL Circle,9.633
p798,13.130201,77.603784,0.15,0.0,0.0,Veerannapalya Junction,9.765
p799,13.133836,77.572987,0.15,0.0,0.0,BEL Circle,10.115
p800,13.137061,77.579924,0.15,0.0,0.0,BEL Circle,10.581
